1617807085329168,c6d4dfb1-97b0-11eb-9cdc-7abfa40f797e
1617807107633811,d9be2ede-97b0-11eb-bd91-9280cc24db37
1617807128552156,dbfb9c5b-97b0-11eb-a3a7-36ce350d9719
1617807147175989,eee97ee8-97b0-11eb-9cdc-7abfa40f797e
1617807168369503,f3848a7e-97b0-11eb-a3a7-36ce350d9719
1617807187648697,00ff5139-97b1-11eb-a3a7-36ce350d9719
1617807207147167,13eb5fc6-97b1-11eb-bd91-9280cc24db37
1617807227128916,1887f1ff-97b1-11eb-a631-eae79a711d45
1617807247547285,2682e4c4-97b1-11eb-bd91-9280cc24db37
1617807268184190,3972275e-97b1-11eb-a3a7-36ce350d9719
1617807289238736,42d96183-97b1-11eb-9cdc-7abfa40f797e
1617807309372887,4c3c7c12-97b1-11eb-9cdc-7abfa40f797e
1617807331159161,5f211069-97b1-11eb-bd91-9280cc24db37
1617807350392537,68858bd2-97b1-11eb-a631-eae79a711d45
1617807370524408,73d81a51-97b1-11eb-bd91-9280cc24db37
1617807390275684,7d3b8446-97b1-11eb-a3a7-36ce350d9719
