email,password
perf-org10-solicitor06-user01@groupaccess.com,Pass19word
perf-org10-solicitor06-user02@groupaccess.com,Pass19word
perf-org10-solicitor06-user03@groupaccess.com,Pass19word
perf-org10-solicitor06-user04@groupaccess.com,Pass19word
perf-org10-solicitor06-user05@groupaccess.com,Pass19word
perf-org10-solicitor06-user06@groupaccess.com,Pass19word
perf-org10-solicitor06-user07@groupaccess.com,Pass19word
perf-org10-solicitor06-user08@groupaccess.com,Pass19word
perf-org10-solicitor06-user09@groupaccess.com,Pass19word
perf-org10-solicitor06-user10@groupaccess.com,Pass19word