caseId,taskId
1705492460335412,34ae918c-b52f-11ee-a305-1e46d3f959d8
1705492466477945,3682674d-b52f-11ee-a305-1e46d3f959d8
1705492469460880,3ad12723-b52f-11ee-996a-a2711ab7acbc
1705492481456080,40f45a31-b52f-11ee-996a-a2711ab7acbc
1705492484477737,410486df-b52f-11ee-8cf5-0a90bc147198
1705492486075943,424c97ac-b52f-11ee-a0a3-96b01e64cc0b
1705492489493549,46cbddf8-b52f-11ee-b30c-7692ac755280
1705492492510123,46dec9ff-b52f-11ee-a0a3-96b01e64cc0b
1705492494258523,486b83d5-b52f-11ee-996a-a2711ab7acbc
1705492497743075,4d15841a-b52f-11ee-b30c-7692ac755280
1705492500254094,4cf6b1e8-b52f-11ee-8cf5-0a90bc147198
1705492502251437,4d068fdd-b52f-11ee-996a-a2711ab7acbc
1705492505572433,4e26094c-b52f-11ee-8cf5-0a90bc147198
1705492507078702,5488b607-b52f-11ee-85ac-5e563fbf62c3
1705492510565612,547729e7-b52f-11ee-97ff-76232c4100a6
1705492515636046,54975bc4-b52f-11ee-a305-1e46d3f959d8
1705492522161889,5a1ec3ab-b52f-11ee-a0a3-96b01e64cc0b
1705492524123861,5a42edd4-b52f-11ee-b30c-7692ac755280
1705492526461350,5f319875-b52f-11ee-8cf5-0a90bc147198
1705492528357192,60d50f1b-b52f-11ee-a0a3-96b01e64cc0b
1705492531188006,60bfd8be-b52f-11ee-85ac-5e563fbf62c3
1705492533183112,60ca6078-b52f-11ee-97ff-76232c4100a6
1705492537301181,65c31cc0-b52f-11ee-b30c-7692ac755280
1705492540360554,65d3704e-b52f-11ee-8cf5-0a90bc147198
1705492543166875,67c4e03f-b52f-11ee-97ff-76232c4100a6
1705492545349958,67b80efd-b52f-11ee-85ac-5e563fbf62c3
1705492550378231,6bfb5dae-b52f-11ee-a305-1e46d3f959d8
1705492552310190,6c0b63d1-b52f-11ee-b30c-7692ac755280
1705492555363956,6d8754aa-b52f-11ee-b30c-7692ac755280
1705492557387433,70f552ec-b52f-11ee-a703-d65dab9bd334
1705492560492832,71e4bb7e-b52f-11ee-85ac-5e563fbf62c3
1705492562232509,71f75998-b52f-11ee-996a-a2711ab7acbc
1705492564174147,72884f1c-b52f-11ee-a703-d65dab9bd334
1705492567642918,767ae5d3-b52f-11ee-85ac-5e563fbf62c3
1705492569122380,77fb1d07-b52f-11ee-996a-a2711ab7acbc
1705492574090606,780f4194-b52f-11ee-8cf5-0a90bc147198
1705492572311087,78236577-b52f-11ee-a703-d65dab9bd334
1705492576211515,7a0915d7-b52f-11ee-b30c-7692ac755280
1705492579204699,7d121043-b52f-11ee-b30c-7692ac755280
1705492584230978,7ea5a832-b52f-11ee-a0a3-96b01e64cc0b
1705492588259163,861ef4c9-b52f-11ee-b30c-7692ac755280
1705492586135456,7eb6e61e-b52f-11ee-b30c-7692ac755280
1705492591297010,860ad0a7-b52f-11ee-97ff-76232c4100a6
1705492593391993,893de7e0-b52f-11ee-a0a3-96b01e64cc0b
1705492598486509,8a83ae48-b52f-11ee-85ac-5e563fbf62c3
1705492596340153,8a0c5c12-b52f-11ee-b30c-7692ac755280
1705492600187624,8a91913b-b52f-11ee-a0a3-96b01e64cc0b
1705492603002671,8aa56712-b52f-11ee-8cf5-0a90bc147198
1705492605686752,8b908a2a-b52f-11ee-97ff-76232c4100a6
1705492608256934,8f41d2f2-b52f-11ee-97ff-76232c4100a6
1705492610371481,90520ab8-b52f-11ee-996a-a2711ab7acbc
1705492612253323,9041dd99-b52f-11ee-b30c-7692ac755280
1705492615407504,90667c32-b52f-11ee-a703-d65dab9bd334
1705492617197533,911421ce-b52f-11ee-b30c-7692ac755280
1705492620126073,9dc1ad65-b52f-11ee-b30c-7692ac755280
1705492622272768,a0f1deaa-b52f-11ee-97ff-76232c4100a6
1705492624031584,a0e53472-b52f-11ee-85ac-5e563fbf62c3
1705492627574564,a2b16932-b52f-11ee-97ff-76232c4100a6
1705492629144937,a2c120a8-b52f-11ee-97ff-76232c4100a6
1705492632056102,a32c16a7-b52f-11ee-8cf5-0a90bc147198
1705492639125389,a39d28a9-b52f-11ee-b30c-7692ac755280
1705492641394841,a38a1511-b52f-11ee-a0a3-96b01e64cc0b
1705492644291713,a3b19a74-b52f-11ee-8cf5-0a90bc147198
1705492646195771,a890b48e-b52f-11ee-b30c-7692ac755280
1705492648357379,a89f5a12-b52f-11ee-a703-d65dab9bd334
1705492651173978,a9941b1a-b52f-11ee-8cf5-0a90bc147198
1705492653962865,a9a5f52a-b52f-11ee-97ff-76232c4100a6
1705492656251092,ae9e3bd4-b52f-11ee-97ff-76232c4100a6
1705492658260331,aecacaf1-b52f-11ee-85ac-5e563fbf62c3
1705492660278875,aeaf53b2-b52f-11ee-a305-1e46d3f959d8
1705492663054356,aebd0e78-b52f-11ee-996a-a2711ab7acbc
1705492668178499,b2fdecb8-b52f-11ee-8cf5-0a90bc147198
1705492670466601,b30ce17a-b52f-11ee-a305-1e46d3f959d8
1705492672174906,b321ef86-b52f-11ee-8cf5-0a90bc147198
1705492677126455,b8017f1f-b52f-11ee-996a-a2711ab7acbc
1705492680392318,b9c8d119-b52f-11ee-a703-d65dab9bd334
1705492682245761,b9e86719-b52f-11ee-a703-d65dab9bd334
1705492684873107,b9d86123-b52f-11ee-a0a3-96b01e64cc0b
1705492687346671,be39239b-b52f-11ee-85ac-5e563fbf62c3
1705492689367261,bf821e86-b52f-11ee-a0a3-96b01e64cc0b
1705492692443414,bf966944-b52f-11ee-97ff-76232c4100a6
1705492694010971,c168b8ec-b52f-11ee-a305-1e46d3f959d8
1705492696141501,c180fb9d-b52f-11ee-996a-a2711ab7acbc
1705492699706805,c59af110-b52f-11ee-8cf5-0a90bc147198
1705492701179595,c5bb714b-b52f-11ee-85ac-5e563fbf62c3
1705492704681308,c5accada-b52f-11ee-a0a3-96b01e64cc0b
1705492706228140,c7984796-b52f-11ee-8cf5-0a90bc147198
1705492708484709,cc20409b-b52f-11ee-996a-a2711ab7acbc
1705492713825201,cdfb4181-b52f-11ee-97ff-76232c4100a6
1705492716225516,ce1c5e41-b52f-11ee-b30c-7692ac755280
1705492718034908,d2a9af22-b52f-11ee-a703-d65dab9bd334
1705492720040406,d299d079-b52f-11ee-a0a3-96b01e64cc0b
1705492723411893,d36b9f18-b52f-11ee-8cf5-0a90bc147198
1705492725049030,d719b2ca-b52f-11ee-8cf5-0a90bc147198
1705492728613014,d81e03ac-b52f-11ee-b30c-7692ac755280
1705492732301218,d856c70f-b52f-11ee-a305-1e46d3f959d8
1705492735477973,d8830761-b52f-11ee-97ff-76232c4100a6
1705492737528773,dcde723d-b52f-11ee-996a-a2711ab7acbc
1705492742271849,dcf57c3f-b52f-11ee-a305-1e46d3f959d8
1705492744130423,dd06ba53-b52f-11ee-85ac-5e563fbf62c3
1705492747140676,e5b4de1e-b52f-11ee-8cf5-0a90bc147198
1705492749666686,e59c2577-b52f-11ee-b30c-7692ac755280
1705492752415336,e580ade8-b52f-11ee-a305-1e46d3f959d8
1705492754253321,e9627c56-b52f-11ee-8cf5-0a90bc147198
1705492759166874,e9d0801b-b52f-11ee-996a-a2711ab7acbc
1705492761353866,e9e25b30-b52f-11ee-a703-d65dab9bd334
1705492764321266,e9f4a9f9-b52f-11ee-996a-a2711ab7acbc
1705492766723147,f523f9df-b52f-11ee-996a-a2711ab7acbc
1705492768216249,f5fa0efa-b52f-11ee-b30c-7692ac755280
1705492771285959,f654d8f6-b52f-11ee-996a-a2711ab7acbc
1705492774188333,f6d972b5-b52f-11ee-85ac-5e563fbf62c3
1705492776224383,fa7de961-b52f-11ee-a703-d65dab9bd334
1705492778237102,fafe8ac8-b52f-11ee-996a-a2711ab7acbc
1705492783307809,fc2be717-b52f-11ee-b30c-7692ac755280
1705492780236837,fba48ed6-b52f-11ee-a0a3-96b01e64cc0b
1705492787343503,fc5fa18a-b52f-11ee-85ac-5e563fbf62c3
1705492788275100,fd0b239f-b52f-11ee-b30c-7692ac755280
1705492790039387,ff5d29f9-b52f-11ee-a305-1e46d3f959d8
1705492792755949,ffde686a-b52f-11ee-a703-d65dab9bd334
1705492797021206,00899bee-b530-11ee-97ff-76232c4100a6
1705492800174380,0105f7dd-b530-11ee-a703-d65dab9bd334
1705492803088033,0113656f-b530-11ee-97ff-76232c4100a6
1705492804698707,0192325f-b530-11ee-a703-d65dab9bd334
1705492809298354,0e57da38-b530-11ee-a703-d65dab9bd334
1705492807855189,0d93780a-b530-11ee-a0a3-96b01e64cc0b
1705492814231259,124e4166-b530-11ee-85ac-5e563fbf62c3
1705492816306513,13a71ae2-b530-11ee-a703-d65dab9bd334
1705492819417234,13f5d730-b530-11ee-a703-d65dab9bd334
1705492821106353,149f5cd2-b530-11ee-a0a3-96b01e64cc0b
1705492812176332,0e698cc2-b530-11ee-85ac-5e563fbf62c3
1705492824154053,14b5f2e7-b530-11ee-b30c-7692ac755280
1705492826228061,1a465a93-b530-11ee-a305-1e46d3f959d8
1705492831116608,1af3b21b-b530-11ee-b30c-7692ac755280
1705492833171213,1b0ae3bd-b530-11ee-996a-a2711ab7acbc
1705492828362538,1a3718ec-b530-11ee-a0a3-96b01e64cc0b
1705492836278403,20266a27-b530-11ee-8cf5-0a90bc147198
1705492838143753,20d43634-b530-11ee-b30c-7692ac755280
1705492843222964,2509c941-b530-11ee-a305-1e46d3f959d8
1705492845207138,25add13b-b530-11ee-a0a3-96b01e64cc0b
1705492840716968,21004f52-b530-11ee-b30c-7692ac755280
1705492850137113,2662a289-b530-11ee-b30c-7692ac755280
1705492852166482,2963d50c-b530-11ee-8cf5-0a90bc147198
1705492855260563,2a5a4274-b530-11ee-97ff-76232c4100a6
1705492848255860,266f9b60-b530-11ee-a703-d65dab9bd334
1705492857263714,2a4e5b97-b530-11ee-85ac-5e563fbf62c3
1705492860333728,2b063a84-b530-11ee-8cf5-0a90bc147198
1705492862270001,2beb4356-b530-11ee-996a-a2711ab7acbc
1705492867115573,2c677844-b530-11ee-996a-a2711ab7acbc
1705492864105932,2bdb64e6-b530-11ee-8cf5-0a90bc147198
1705492874533396,30cccdfc-b530-11ee-a703-d65dab9bd334
1705492869124391,30b574cf-b530-11ee-a0a3-96b01e64cc0b
1705492884423216,31fce99e-b530-11ee-a703-d65dab9bd334
1705492887287865,38d1df6c-b530-11ee-8cf5-0a90bc147198
1705492888156606,38dc6751-b530-11ee-85ac-5e563fbf62c3
1705492879054232,36d6ab87-b530-11ee-8cf5-0a90bc147198
1705492882499457,38b30d4f-b530-11ee-a0a3-96b01e64cc0b
1705492886263750,38c200e6-b530-11ee-8cf5-0a90bc147198
1705492891299831,3d2b9d0d-b530-11ee-a305-1e46d3f959d8
1705492894794457,3d3fe7d6-b530-11ee-85ac-5e563fbf62c3
1705492898273524,3db73b40-b530-11ee-8cf5-0a90bc147198
1705492900258646,3e2d071f-b530-11ee-996a-a2711ab7acbc
1705492905346867,3e3e1ed8-b530-11ee-97ff-76232c4100a6
1705492910109318,42f9f909-b530-11ee-a305-1e46d3f959d8
1705492908244655,42e47509-b530-11ee-8cf5-0a90bc147198
1705492915102516,44a1dc12-b530-11ee-b30c-7692ac755280
1705492912397663,43a617ba-b530-11ee-996a-a2711ab7acbc
1705492903413818,42d42193-b530-11ee-85ac-5e563fbf62c3
1705492917127875,4493d24a-b530-11ee-a703-d65dab9bd334
1705492924258176,4ad5629a-b530-11ee-8cf5-0a90bc147198
1705492922201921,4a656333-b530-11ee-85ac-5e563fbf62c3
1705492929192685,50840163-b530-11ee-8cf5-0a90bc147198
1705492932298065,54a808a2-b530-11ee-996a-a2711ab7acbc
1705492934179362,554f6c9a-b530-11ee-a305-1e46d3f959d8
1705492939258807,558a5263-b530-11ee-8cf5-0a90bc147198
1705492944175079,55991f89-b530-11ee-a703-d65dab9bd334
1705492946292369,55fb6355-b530-11ee-85ac-5e563fbf62c3
1705492951079701,5b0277c3-b530-11ee-8cf5-0a90bc147198
1705492953377277,5b5eef75-b530-11ee-996a-a2711ab7acbc
1705492956390327,60667981-b530-11ee-a0a3-96b01e64cc0b
1705492958329786,612053a6-b530-11ee-97ff-76232c4100a6
1705492960355761,61e06f09-b530-11ee-a703-d65dab9bd334
1705492965660413,61d32859-b530-11ee-85ac-5e563fbf62c3
1705492968390828,673fb4be-b530-11ee-b30c-7692ac755280
1705492970261009,672bdf6f-b530-11ee-a0a3-96b01e64cc0b
1705492972131200,67f80921-b530-11ee-a0a3-96b01e64cc0b
1705492975437133,6832c764-b530-11ee-b30c-7692ac755280
1705492977490429,6e2574d7-b530-11ee-a703-d65dab9bd334
1705492980050962,70e1ae4e-b530-11ee-a0a3-96b01e64cc0b
1705492982151040,711edeb4-b530-11ee-996a-a2711ab7acbc
1705492984305552,71e8e51d-b530-11ee-97ff-76232c4100a6
1705492989228445,72932ebf-b530-11ee-a305-1e46d3f959d8
1705492994251408,72a6ddd5-b530-11ee-a305-1e46d3f959d8
1705492996035858,72be36be-b530-11ee-97ff-76232c4100a6
1705493001179699,7a64fc05-b530-11ee-a0a3-96b01e64cc0b
1705492999358067,7a0bdeda-b530-11ee-85ac-5e563fbf62c3
1705493006166246,7d1cefcf-b530-11ee-a305-1e46d3f959d8
1705493008134655,7e5ee5e9-b530-11ee-a305-1e46d3f959d8
1705493011174961,7e87071e-b530-11ee-97ff-76232c4100a6
1705493013174464,7efad738-b530-11ee-8cf5-0a90bc147198
1705493016352836,7fa4f9f9-b530-11ee-8cf5-0a90bc147198
1705493018190135,84263c61-b530-11ee-a305-1e46d3f959d8
1705493020111186,84684f27-b530-11ee-996a-a2711ab7acbc
1705493025127476,8516b724-b530-11ee-b30c-7692ac755280
1705493028273822,89e35ab0-b530-11ee-8cf5-0a90bc147198
1705493031008173,8a8c92fd-b530-11ee-a703-d65dab9bd334
1705493032112412,8a9f0952-b530-11ee-85ac-5e563fbf62c3
1705493035122350,8ab2919b-b530-11ee-a703-d65dab9bd334
1705493037374736,8b59a690-b530-11ee-a305-1e46d3f959d8
1705493040537238,9040affd-b530-11ee-a703-d65dab9bd334
1705493042467749,9036c52a-b530-11ee-85ac-5e563fbf62c3
1705493049355145,968b1996-b530-11ee-a305-1e46d3f959d8
1705493052153494,9791da82-b530-11ee-a305-1e46d3f959d8
1705493047187052,969a827d-b530-11ee-8cf5-0a90bc147198
1705493056005716,98387ae2-b530-11ee-97ff-76232c4100a6
1705493059155476,9aeaca51-b530-11ee-a703-d65dab9bd334
1705493064547758,9af50388-b530-11ee-a0a3-96b01e64cc0b
1705493066079578,9ba58eeb-b530-11ee-b30c-7692ac755280
1705493068253742,a333c310-b530-11ee-a0a3-96b01e64cc0b
1705493071062726,a325441a-b530-11ee-a0a3-96b01e64cc0b
1705493073277819,a3a3e996-b530-11ee-a703-d65dab9bd334
1705493076116741,a3959250-b530-11ee-a0a3-96b01e64cc0b
1705493078115923,a637178c-b530-11ee-a0a3-96b01e64cc0b
1705493083391634,a689f28a-b530-11ee-a0a3-96b01e64cc0b
1705493085213927,a6a03981-b530-11ee-b30c-7692ac755280
1705493088138519,ae16790e-b530-11ee-996a-a2711ab7acbc
1705493090135750,af932de8-b530-11ee-996a-a2711ab7acbc
1705493092106650,af7f0a13-b530-11ee-b30c-7692ac755280
1705493095134543,afa2e5b3-b530-11ee-a703-d65dab9bd334
1705493097339066,ba366a1b-b530-11ee-a305-1e46d3f959d8
1705493100172074,ba451020-b530-11ee-85ac-5e563fbf62c3
1705493102457127,bab537d6-b530-11ee-8cf5-0a90bc147198
1705493107273198,bbd30371-b530-11ee-996a-a2711ab7acbc
1705493114556064,bf8c894f-b530-11ee-97ff-76232c4100a6
1705493112436053,bbc03ebb-b530-11ee-996a-a2711ab7acbc
1705493119382987,c045c6eb-b530-11ee-a0a3-96b01e64cc0b
1705493121279205,c0b3f21d-b530-11ee-8cf5-0a90bc147198
1705493124163554,c0c9eb23-b530-11ee-8cf5-0a90bc147198
1705493126319527,c2349ee7-b530-11ee-8cf5-0a90bc147198
1705493128160838,c68d71cf-b530-11ee-a305-1e46d3f959d8
1705493131383559,c6a5b487-b530-11ee-996a-a2711ab7acbc
1705493133206287,c786c5fd-b530-11ee-a305-1e46d3f959d8
1705493136323949,c7cf197b-b530-11ee-85ac-5e563fbf62c3
1705493137955855,cd4c4816-b530-11ee-97ff-76232c4100a6
1705493140259717,cd4039ba-b530-11ee-996a-a2711ab7acbc
1705493144187724,d1c91dc7-b530-11ee-85ac-5e563fbf62c3
1705493145202100,d1aae71f-b530-11ee-b30c-7692ac755280
1705493150191313,d1b5e3d6-b530-11ee-85ac-5e563fbf62c3
1705493152215078,d2d954a2-b530-11ee-97ff-76232c4100a6
1705493155231916,d388a764-b530-11ee-b30c-7692ac755280
1705493157172712,d842862d-b530-11ee-97ff-76232c4100a6
1705493160597442,d84f3087-b530-11ee-8cf5-0a90bc147198
1705493162380540,d90b2dee-b530-11ee-97ff-76232c4100a6
1705493164629258,d8fab2d9-b530-11ee-8cf5-0a90bc147198
1705493169252841,df44a71f-b530-11ee-97ff-76232c4100a6
1705493172246434,df39aa72-b530-11ee-85ac-5e563fbf62c3
1705493174146558,df5e2263-b530-11ee-a703-d65dab9bd334
1705493176289570,e4cecdbe-b530-11ee-a0a3-96b01e64cc0b
1705493179161149,e57a77cc-b530-11ee-996a-a2711ab7acbc
1705493181117022,e5a55850-b530-11ee-a703-d65dab9bd334
1705493184409772,e5b3b036-b530-11ee-a703-d65dab9bd334
1705493186377407,eb05d6c3-b530-11ee-996a-a2711ab7acbc
1705493188377561,eb0f4cf3-b530-11ee-85ac-5e563fbf62c3
1705493196029824,eb31c862-b530-11ee-a305-1e46d3f959d8
1705493198037858,f003ea21-b530-11ee-996a-a2711ab7acbc
1705493200195405,f0b53902-b530-11ee-a305-1e46d3f959d8
1705493203593861,f0d7dc00-b530-11ee-996a-a2711ab7acbc
1705493191102618,eb1fc769-b530-11ee-996a-a2711ab7acbc
1705493210513498,f5c43ca8-b530-11ee-85ac-5e563fbf62c3
1705493212383288,f5b791d3-b530-11ee-a305-1e46d3f959d8
1705493217047391,fbf10ba1-b530-11ee-85ac-5e563fbf62c3
1705493220423555,fbdf5888-b530-11ee-a0a3-96b01e64cc0b
1705493222495551,fc5fabff-b530-11ee-85ac-5e563fbf62c3
1705493229248748,016475e8-b531-11ee-996a-a2711ab7acbc
1705493227555011,0151ff52-b531-11ee-996a-a2711ab7acbc
1705493232593601,02dcbe39-b531-11ee-85ac-5e563fbf62c3
1705493234225673,07b60b7f-b531-11ee-a305-1e46d3f959d8
1705493239298691,09817ccc-b531-11ee-996a-a2711ab7acbc
1705493241350845,099d429d-b531-11ee-b30c-7692ac755280
1705493244002864,098b6865-b531-11ee-a0a3-96b01e64cc0b
1705493246101516,0c36b1d4-b531-11ee-8cf5-0a90bc147198
1705493248153861,0daa3fa1-b531-11ee-a305-1e46d3f959d8
1705493251278712,0d9de2c4-b531-11ee-b30c-7692ac755280
1705493253328176,0dbaba67-b531-11ee-a305-1e46d3f959d8
1705493256500565,0f4b1e6c-b531-11ee-97ff-76232c4100a6
1705493258211955,143eaa6a-b531-11ee-85ac-5e563fbf62c3
1705493260489433,142b708b-b531-11ee-996a-a2711ab7acbc
1705493265218803,1525af09-b531-11ee-a305-1e46d3f959d8
1705493268248278,1a5cfa55-b531-11ee-97ff-76232c4100a6
1705493270323499,1b041039-b531-11ee-a0a3-96b01e64cc0b
1705493272131395,1dfed970-b531-11ee-b30c-7692ac755280
1705493275501495,1dec14a6-b531-11ee-a0a3-96b01e64cc0b
1705493277316082,1f0e26da-b531-11ee-a703-d65dab9bd334
1705493280360325,1f1fb340-b531-11ee-b30c-7692ac755280
1705493282457293,1f2f9198-b531-11ee-a703-d65dab9bd334
1705493284237859,1f3f6f6d-b531-11ee-a305-1e46d3f959d8
1705493287247574,2075a5a5-b531-11ee-a703-d65dab9bd334
1705493289303367,2550a109-b531-11ee-85ac-5e563fbf62c3
1705493292411694,2541376e-b531-11ee-a703-d65dab9bd334
1705493294292100,26a16432-b531-11ee-996a-a2711ab7acbc
1705493296329728,26b7ab85-b531-11ee-a703-d65dab9bd334
1705493299157829,2a1afa18-b531-11ee-97ff-76232c4100a6
1705493304129284,2b2df16f-b531-11ee-8cf5-0a90bc147198
1705493306175756,2b38ed65-b531-11ee-a703-d65dab9bd334
1705493308344020,313166f2-b531-11ee-a305-1e46d3f959d8
1705493311105558,313bee48-b531-11ee-a305-1e46d3f959d8
1705493313391727,3288b8b3-b531-11ee-a305-1e46d3f959d8
1705493316222465,32964e02-b531-11ee-85ac-5e563fbf62c3
1705493318492306,37670f95-b531-11ee-97ff-76232c4100a6
1705493320143467,38f3a2be-b531-11ee-996a-a2711ab7acbc
1705493323161334,38e683bc-b531-11ee-85ac-5e563fbf62c3
1705493328480069,3dd2203b-b531-11ee-8cf5-0a90bc147198
1705493332393720,3de2c2ef-b531-11ee-a305-1e46d3f959d8
1705493335357003,3eb665d9-b531-11ee-8cf5-0a90bc147198
1705493337288107,43a759d4-b531-11ee-b30c-7692ac755280
1705493340535148,442f2782-b531-11ee-b30c-7692ac755280
1705493342136127,44de2cb6-b531-11ee-a305-1e46d3f959d8
1705493344172385,44d4b6f3-b531-11ee-8cf5-0a90bc147198
1705493347293147,4898c3a9-b531-11ee-b30c-7692ac755280
1705493349359615,497b0d38-b531-11ee-85ac-5e563fbf62c3
1705493352338613,49898c2e-b531-11ee-85ac-5e563fbf62c3
1705493354371828,49968484-b531-11ee-85ac-5e563fbf62c3
1705493356197544,4a41b90c-b531-11ee-97ff-76232c4100a6
1705493359356428,4ed0b65f-b531-11ee-b30c-7692ac755280
1705493361586947,4edbb2e5-b531-11ee-97ff-76232c4100a6
1705493364044878,4f4c0137-b531-11ee-a305-1e46d3f959d8
1705493366082900,4f750ce3-b531-11ee-a0a3-96b01e64cc0b
1705493368200575,53ad386d-b531-11ee-85ac-5e563fbf62c3
1705493371354690,545a1a6b-b531-11ee-b30c-7692ac755280
1705493373196248,546871d8-b531-11ee-a703-d65dab9bd334
1705493376139013,54767b69-b531-11ee-97ff-76232c4100a6
1705493378167731,594da637-b531-11ee-a0a3-96b01e64cc0b
1705493380243157,596e7503-b531-11ee-996a-a2711ab7acbc
1705493383389320,597af7b3-b531-11ee-85ac-5e563fbf62c3
1705493385206779,5995f9e6-b531-11ee-a305-1e46d3f959d8
1705493388369475,5fdb5b01-b531-11ee-97ff-76232c4100a6
1705493390286469,605f7e56-b531-11ee-a703-d65dab9bd334
1705493392267871,6054a8d2-b531-11ee-b30c-7692ac755280
1705493395169108,61033880-b531-11ee-97ff-76232c4100a6
1705493397174304,658d54d9-b531-11ee-a0a3-96b01e64cc0b
1705493400122647,65a3ea37-b531-11ee-85ac-5e563fbf62c3
1705493402684347,66025e25-b531-11ee-a305-1e46d3f959d8
1705493404108105,66aa5d8d-b531-11ee-a703-d65dab9bd334
1705493407248270,6b8335a8-b531-11ee-a0a3-96b01e64cc0b
1705493409314641,6bd74998-b531-11ee-97ff-76232c4100a6
1705493414029457,6c7efb24-b531-11ee-a0a3-96b01e64cc0b
1705493416233321,6ccd420c-b531-11ee-97ff-76232c4100a6
1705493421525216,72774c81-b531-11ee-b30c-7692ac755280
1705493424053653,72872bbf-b531-11ee-85ac-5e563fbf62c3
1705493428271814,7a419f5d-b531-11ee-a0a3-96b01e64cc0b
1705493431200222,7a57e6e9-b531-11ee-a305-1e46d3f959d8
1705493433441477,7a314c79-b531-11ee-97ff-76232c4100a6
1705493436186962,7d42aa9a-b531-11ee-a703-d65dab9bd334
1705493438189576,7ebd6409-b531-11ee-a0a3-96b01e64cc0b
1705493440446444,7ecef040-b531-11ee-996a-a2711ab7acbc
1705493443516615,7fb99e7f-b531-11ee-85ac-5e563fbf62c3
1705493445672168,7fc6e500-b531-11ee-996a-a2711ab7acbc
1705493448207715,84a22d87-b531-11ee-a703-d65dab9bd334
1705493450546372,858eb0b3-b531-11ee-97ff-76232c4100a6
1705493452396545,85acbfd9-b531-11ee-a703-d65dab9bd334
1705493455050065,863acf17-b531-11ee-a703-d65dab9bd334
1705493460292116,8c2d2e26-b531-11ee-b30c-7692ac755280
1705493464024960,90f8e693-b531-11ee-a703-d65dab9bd334
1705493462232748,8c1b051b-b531-11ee-97ff-76232c4100a6
1705493467255561,90eb2b50-b531-11ee-85ac-5e563fbf62c3
1705493469155900,929299e6-b531-11ee-996a-a2711ab7acbc
1705493472523003,926d8556-b531-11ee-a703-d65dab9bd334
1705493474151241,927d8a77-b531-11ee-85ac-5e563fbf62c3
1705493476232288,928be25d-b531-11ee-85ac-5e563fbf62c3
1705493481427923,96e52af2-b531-11ee-85ac-5e563fbf62c3
1705493484436996,96d9b933-b531-11ee-b30c-7692ac755280
1705493486019683,96f7a12a-b531-11ee-8cf5-0a90bc147198
1705493488220800,98f0643c-b531-11ee-97ff-76232c4100a6
1705493491326214,9edbbdcb-b531-11ee-85ac-5e563fbf62c3
1705493496336572,a1c2634f-b531-11ee-a703-d65dab9bd334
1705493500330496,a2cbe3b7-b531-11ee-b30c-7692ac755280
1705493503379839,a380668c-b531-11ee-996a-a2711ab7acbc
1705493505450422,a370fcf9-b531-11ee-85ac-5e563fbf62c3
1705493510259024,a79f652a-b531-11ee-996a-a2711ab7acbc
1705493513388127,a92d3072-b531-11ee-a0a3-96b01e64cc0b
1705493517104181,af514d91-b531-11ee-a703-d65dab9bd334
1705493520363022,b3d21a73-b531-11ee-8cf5-0a90bc147198
1705493524375535,b4d46f85-b531-11ee-97ff-76232c4100a6
1705493527380854,b4c2e342-b531-11ee-97ff-76232c4100a6
1705493529884598,b4edead2-b531-11ee-a703-d65dab9bd334
1705493532327601,b4fcb809-b531-11ee-a305-1e46d3f959d8
1705493534164432,b63b79c9-b531-11ee-a703-d65dab9bd334
1705493536215190,b62afe9f-b531-11ee-a0a3-96b01e64cc0b
1705493541306901,b9da7206-b531-11ee-b30c-7692ac755280
1705493544159612,bb1b0888-b531-11ee-b30c-7692ac755280
1705493548299935,c1124953-b531-11ee-a0a3-96b01e64cc0b
1705493546026876,c1205319-b531-11ee-a0a3-96b01e64cc0b
1705493551289476,c12e5cf7-b531-11ee-a305-1e46d3f959d8
1705493553134340,c2b1ef9f-b531-11ee-b30c-7692ac755280
1705493558061837,c731f906-b531-11ee-b30c-7692ac755280
1705493556036187,c74e8213-b531-11ee-a305-1e46d3f959d8
1705493560243399,ccb2aa89-b531-11ee-a703-d65dab9bd334
1705493563427510,cd670680-b531-11ee-85ac-5e563fbf62c3
1705493565444653,cd744d09-b531-11ee-a703-d65dab9bd334
1705493568320421,ce206b54-b531-11ee-8cf5-0a90bc147198
1705493570545775,d1fe6929-b531-11ee-97ff-76232c4100a6
1705493572358722,d20e209f-b531-11ee-97ff-76232c4100a6
1705493575489649,d2642fb4-b531-11ee-a305-1e46d3f959d8
1705493577406948,d2708b9f-b531-11ee-a0a3-96b01e64cc0b
1705493580786617,d39004d0-b531-11ee-97ff-76232c4100a6
1705493582217363,d385f2e1-b531-11ee-85ac-5e563fbf62c3
1705493584041100,d3e996f9-b531-11ee-996a-a2711ab7acbc
1705493587491781,d3f5cbe1-b531-11ee-a703-d65dab9bd334
1705493589321929,d82d0cf4-b531-11ee-a0a3-96b01e64cc0b
1705493592204591,d84aa6e9-b531-11ee-a305-1e46d3f959d8
1705493594208228,d8f2a6b2-b531-11ee-85ac-5e563fbf62c3
1705493596207277,d99b42da-b531-11ee-a305-1e46d3f959d8
1705493599142984,de63eed3-b531-11ee-996a-a2711ab7acbc
1705493601198925,de70c05e-b531-11ee-a0a3-96b01e64cc0b
1705493604442544,df0e5f70-b531-11ee-b30c-7692ac755280
1705493606109067,df3e48f5-b531-11ee-97ff-76232c4100a6
1705493608528728,e496b13e-b531-11ee-a703-d65dab9bd334
1705493611258776,e4a509bc-b531-11ee-8cf5-0a90bc147198
1705493613317802,e53785da-b531-11ee-85ac-5e563fbf62c3
1705493616010917,e52b029c-b531-11ee-97ff-76232c4100a6
1705493618237179,e8a5a9dc-b531-11ee-8cf5-0a90bc147198
1705493620101579,e91bebdf-b531-11ee-a703-d65dab9bd334
1705493625291847,e9d37c2a-b531-11ee-a703-d65dab9bd334
1705493623137877,e92dc590-b531-11ee-85ac-5e563fbf62c3
1705493630079237,f0190392-b531-11ee-a305-1e46d3f959d8
1705493628108238,ef701934-b531-11ee-8cf5-0a90bc147198
1705493635290656,f0172f06-b531-11ee-8cf5-0a90bc147198
1705493640272384,f6bf213f-b531-11ee-a0a3-96b01e64cc0b
1705493642176344,f751ebc4-b531-11ee-b30c-7692ac755280
1705493644364344,f7a3189a-b531-11ee-8cf5-0a90bc147198
1705493647158313,fbab3335-b531-11ee-8cf5-0a90bc147198
1705493649302265,fc5afbad-b531-11ee-a703-d65dab9bd334
1705493652601488,fc4e9f89-b531-11ee-8cf5-0a90bc147198
1705493659148897,01a13b74-b532-11ee-97ff-76232c4100a6
1705493664557116,0198d7ab-b532-11ee-8cf5-0a90bc147198
1705493666368256,018b6990-b532-11ee-85ac-5e563fbf62c3
1705493668121547,08139fff-b532-11ee-b30c-7692ac755280
1705493671264573,082c5785-b532-11ee-8cf5-0a90bc147198
1705493673334002,08734bb3-b532-11ee-97ff-76232c4100a6
1705493676374328,0a15639e-b532-11ee-996a-a2711ab7acbc
1705493678200877,123fd7e0-b532-11ee-a0a3-96b01e64cc0b
1705493683331022,14286dfd-b532-11ee-a305-1e46d3f959d8
1705493690174902,14bac260-b532-11ee-a305-1e46d3f959d8
1705493688294936,141e3494-b532-11ee-a703-d65dab9bd334
1705493692234753,14c808fa-b532-11ee-a0a3-96b01e64cc0b
1705493695185911,14dca28e-b532-11ee-85ac-5e563fbf62c3
1705493697189259,181ab651-b532-11ee-85ac-5e563fbf62c3
1705493700363982,180aff38-b532-11ee-a0a3-96b01e64cc0b
1705493702162119,19c2c093-b532-11ee-a305-1e46d3f959d8
1705493704225765,19a21952-b532-11ee-8cf5-0a90bc147198
1705493709442282,209a7698-b532-11ee-a305-1e46d3f959d8
1705493716085587,212bba47-b532-11ee-b30c-7692ac755280
1705493721168519,278713af-b532-11ee-a0a3-96b01e64cc0b
1705493724277580,277671d9-b532-11ee-a0a3-96b01e64cc0b
1705493726202107,276e3481-b532-11ee-a305-1e46d3f959d8
1705493728288310,2a9390a3-b532-11ee-a305-1e46d3f959d8
1705493731449552,2b25be2d-b532-11ee-b30c-7692ac755280
1705493733002839,2ba722f6-b532-11ee-8cf5-0a90bc147198
1705493736377915,2c556490-b532-11ee-85ac-5e563fbf62c3
1705493738263352,32fe68de-b532-11ee-b30c-7692ac755280
1705493740176626,32eed83d-b532-11ee-8cf5-0a90bc147198
1705493743116587,32e38d97-b532-11ee-8cf5-0a90bc147198
1705493745185960,3924d034-b532-11ee-a305-1e46d3f959d8
1705493748107128,3c6ef210-b532-11ee-a703-d65dab9bd334
1705493752187909,3db70246-b532-11ee-8cf5-0a90bc147198
1705493755114041,3dbf3f8e-b532-11ee-a0a3-96b01e64cc0b
1705493757144566,3daa09b6-b532-11ee-97ff-76232c4100a6
1705493760286024,3ee0190f-b532-11ee-a0a3-96b01e64cc0b
1705493762405895,3ef6388d-b532-11ee-b30c-7692ac755280
1705493764398205,3efe4f53-b532-11ee-97ff-76232c4100a6
1705493767119442,3f342beb-b532-11ee-a703-d65dab9bd334
1705493769460984,43e99e5e-b532-11ee-a703-d65dab9bd334
1705493772160878,43d8d546-b532-11ee-85ac-5e563fbf62c3
1705493774129590,459a5b38-b532-11ee-8cf5-0a90bc147198
1705493776548318,496804c1-b532-11ee-a703-d65dab9bd334
1705493779429219,4a1eab57-b532-11ee-996a-a2711ab7acbc
1705493781129021,4a0de264-b532-11ee-8cf5-0a90bc147198
1705493784373311,49fbe0fe-b532-11ee-8cf5-0a90bc147198
1705493786299993,4ac60e8c-b532-11ee-97ff-76232c4100a6
1705493788129693,4ffc6fc7-b532-11ee-a0a3-96b01e64cc0b
1705493791185021,500c9c6d-b532-11ee-a0a3-96b01e64cc0b
1705493793300669,50b7f840-b532-11ee-85ac-5e563fbf62c3
1705493796067166,51218ef5-b532-11ee-a0a3-96b01e64cc0b
1705493798128826,53d5b309-b532-11ee-a703-d65dab9bd334
1705493800776380,54498321-b532-11ee-996a-a2711ab7acbc
1705493803632903,54573e34-b532-11ee-a703-d65dab9bd334
1705493808126042,5c0be639-b532-11ee-a305-1e46d3f959d8
1705493810025620,5c1d726f-b532-11ee-a305-1e46d3f959d8
1705493812136821,5c2bf22b-b532-11ee-97ff-76232c4100a6
1705493815400927,6205e62c-b532-11ee-97ff-76232c4100a6
1705493820571183,6213f00a-b532-11ee-97ff-76232c4100a6
1705493822248053,62c2cd92-b532-11ee-b30c-7692ac755280
1705493824089406,663e38dc-b532-11ee-b30c-7692ac755280
1705493827212831,679a1fb1-b532-11ee-97ff-76232c4100a6
1705493829271595,67a9d6dc-b532-11ee-85ac-5e563fbf62c3
1705493832216918,6e6132bb-b532-11ee-85ac-5e563fbf62c3
1705493839141382,6f1dcc8d-b532-11ee-a0a3-96b01e64cc0b
1705493841113692,74bb5455-b532-11ee-a305-1e46d3f959d8
1705493844193030,74f5ec70-b532-11ee-a703-d65dab9bd334
1705493848446772,752c65c6-b532-11ee-a703-d65dab9bd334
1705493851836018,752c65c9-b532-11ee-a703-d65dab9bd334
1705493853248287,7c540fee-b532-11ee-b30c-7692ac755280
1705493856460889,7c6aa52e-b532-11ee-8cf5-0a90bc147198
1705493858063160,7bea2a9b-b532-11ee-996a-a2711ab7acbc
1705493860237117,7eb49479-b532-11ee-996a-a2711ab7acbc
1705493863284827,7f8419d9-b532-11ee-b30c-7692ac755280
1705493865451580,7ff88650-b532-11ee-a703-d65dab9bd334
1705493870153759,80264d24-b532-11ee-a703-d65dab9bd334
1705493872893659,801758fe-b532-11ee-a703-d65dab9bd334
1705493875307996,8425b569-b532-11ee-a305-1e46d3f959d8
1705493877114416,84decbf7-b532-11ee-97ff-76232c4100a6
1705493880392900,84cfd810-b532-11ee-a703-d65dab9bd334
1705493882182333,84eb9d50-b532-11ee-996a-a2711ab7acbc
1705493884335947,86c7624d-b532-11ee-996a-a2711ab7acbc
1705493887146192,896454ef-b532-11ee-97ff-76232c4100a6
1705493889360890,8a3a1ad0-b532-11ee-996a-a2711ab7acbc
1705493892277073,8a8ad2f6-b532-11ee-996a-a2711ab7acbc
1705493894164600,8a7ec541-b532-11ee-97ff-76232c4100a6
1705493896210765,8a94be5c-b532-11ee-8cf5-0a90bc147198
1705493901629538,90cb51a0-b532-11ee-97ff-76232c4100a6
1705493900156756,90bdbcd3-b532-11ee-a703-d65dab9bd334
1705493904131839,9183a4b6-b532-11ee-85ac-5e563fbf62c3
1705493908773149,973bb9e9-b532-11ee-a305-1e46d3f959d8
1705493911477654,974bbf37-b532-11ee-b30c-7692ac755280
1705493913525302,97e036c6-b532-11ee-8cf5-0a90bc147198
1705493918360911,9d278898-b532-11ee-85ac-5e563fbf62c3
1705493916299426,9d367c70-b532-11ee-a305-1e46d3f959d8
1705493920216598,9db4384a-b532-11ee-85ac-5e563fbf62c3
1705493923158680,9dc57660-b532-11ee-85ac-5e563fbf62c3
1705493925246160,9e3ca1ea-b532-11ee-a305-1e46d3f959d8
1705493928186967,a1a4fa5c-b532-11ee-a703-d65dab9bd334
1705493930124618,a2bbc21c-b532-11ee-996a-a2711ab7acbc
1705493932177648,a2aec949-b532-11ee-97ff-76232c4100a6
1705493935051683,a2c781b3-b532-11ee-a305-1e46d3f959d8
1705493937886292,a91805cc-b532-11ee-8cf5-0a90bc147198
1705493940303004,aae3014c-b532-11ee-996a-a2711ab7acbc
1705493942283519,aac73be6-b532-11ee-996a-a2711ab7acbc
1705493944589244,aaf885cf-b532-11ee-85ac-5e563fbf62c3
1705493947214212,ad8a7b0a-b532-11ee-a0a3-96b01e64cc0b
1705493949308160,ae56f2e5-b532-11ee-a703-d65dab9bd334
1705493954107648,ae931197-b532-11ee-a703-d65dab9bd334
1705493956104973,aed3c3cd-b532-11ee-97ff-76232c4100a6
1705493959239891,b3b61177-b532-11ee-a0a3-96b01e64cc0b
1705493961464743,b3c4df60-b532-11ee-b30c-7692ac755280
1705493964554219,b5a3b11f-b532-11ee-a305-1e46d3f959d8
1705493966170998,b5b404b2-b532-11ee-a703-d65dab9bd334
1705493968116643,bc324f85-b532-11ee-a305-1e46d3f959d8
1705493971143303,bc20008c-b532-11ee-a0a3-96b01e64cc0b
1705493973410320,c1077df9-b532-11ee-a305-1e46d3f959d8
1705493976002348,c1f0cd36-b532-11ee-97ff-76232c4100a6
1705493980083193,c2b2e47e-b532-11ee-996a-a2711ab7acbc
1705493983049498,c7b56532-b532-11ee-85ac-5e563fbf62c3
1705493985148439,c7ca9a93-b532-11ee-8cf5-0a90bc147198
1705493990414404,d1eff4ae-b532-11ee-8cf5-0a90bc147198
1705493988146216,ce99eb1c-b532-11ee-a703-d65dab9bd334
1705493992339260,d339d99c-b532-11ee-8cf5-0a90bc147198
1705493997250751,d3da8607-b532-11ee-85ac-5e563fbf62c3
1705494004414794,d3d07495-b532-11ee-b30c-7692ac755280
1705494009344772,d800fe0f-b532-11ee-996a-a2711ab7acbc
1705494012126638,d810b608-b532-11ee-b30c-7692ac755280
1705494014105093,d9eb1bab-b532-11ee-97ff-76232c4100a6
1705494016290968,da0a3c0d-b532-11ee-996a-a2711ab7acbc
1705494024172778,d9fc0ac5-b532-11ee-8cf5-0a90bc147198
1705494019241836,da155f62-b532-11ee-a703-d65dab9bd334
1705494021369096,de869c35-b532-11ee-97ff-76232c4100a6
1705494028276963,de962c9b-b532-11ee-97ff-76232c4100a6
1705494033159998,de781d4e-b532-11ee-a0a3-96b01e64cc0b
1705494036395573,dfff0b7b-b532-11ee-a703-d65dab9bd334
1705494038514429,e414e249-b532-11ee-a0a3-96b01e64cc0b
1705494043247080,e424e706-b532-11ee-85ac-5e563fbf62c3
1705494045355154,e5fa43e9-b532-11ee-b30c-7692ac755280
1705494048228002,eaeff2e2-b532-11ee-b30c-7692ac755280
1705494050288506,eadda397-b532-11ee-996a-a2711ab7acbc
1705494052101533,eaf968bb-b532-11ee-a305-1e46d3f959d8
1705494055478854,ec4e98ce-b532-11ee-996a-a2711ab7acbc
1705494057230931,ec428ab1-b532-11ee-b30c-7692ac755280
1705494060196772,f0d66a0d-b532-11ee-a0a3-96b01e64cc0b
1705494062158549,f0cc7fd6-b532-11ee-85ac-5e563fbf62c3
1705494064416531,f0e4c1f3-b532-11ee-a0a3-96b01e64cc0b
1705494067381096,f5569af8-b532-11ee-996a-a2711ab7acbc
1705494069618057,f564a4d4-b532-11ee-85ac-5e563fbf62c3
1705494072271555,f578a1ee-b532-11ee-b30c-7692ac755280
1705494074221871,f702771a-b532-11ee-a703-d65dab9bd334
1705494076697904,f70c6204-b532-11ee-a0a3-96b01e64cc0b
1705494079189156,feafa4fb-b532-11ee-a0a3-96b01e64cc0b
1705494082022030,0132a5a5-b533-11ee-996a-a2711ab7acbc
1705494084133892,0294806d-b533-11ee-b30c-7692ac755280
1705494088101945,02a39b32-b533-11ee-85ac-5e563fbf62c3
1705494093320399,0364a135-b533-11ee-a0a3-96b01e64cc0b
1705494096117560,0351dc2d-b533-11ee-b30c-7692ac755280
1705494100457002,0783c6cf-b533-11ee-97ff-76232c4100a6
1705494105169420,079579f3-b533-11ee-a0a3-96b01e64cc0b
1705494108175671,0dc9275e-b533-11ee-97ff-76232c4100a6
1705494112147484,0ef8f4ca-b533-11ee-996a-a2711ab7acbc
1705494115422025,0f1444fe-b533-11ee-b30c-7692ac755280
1705494117225673,13daa662-b533-11ee-a0a3-96b01e64cc0b
1705494120281549,13d10919-b533-11ee-85ac-5e563fbf62c3
1705494122930580,13e70278-b533-11ee-a0a3-96b01e64cc0b
1705494124538969,1492f9ec-b533-11ee-b30c-7692ac755280
1705494129169729,19f43c43-b533-11ee-8cf5-0a90bc147198
1705494132525495,1aa933b4-b533-11ee-8cf5-0a90bc147198
1705494136964401,1b4ec2a2-b533-11ee-a703-d65dab9bd334
1705494139258157,1f51fc00-b533-11ee-85ac-5e563fbf62c3
1705494141054644,1fad3b1e-b533-11ee-a703-d65dab9bd334
1705494144321024,1fbbe075-b533-11ee-85ac-5e563fbf62c3
1705494146149456,20d16fce-b533-11ee-8cf5-0a90bc147198
1705494148184063,262d81f2-b533-11ee-85ac-5e563fbf62c3
1705494151091015,2726d583-b533-11ee-97ff-76232c4100a6
1705494153146627,271b8aa4-b533-11ee-a0a3-96b01e64cc0b
1705494156305014,27388912-b533-11ee-996a-a2711ab7acbc
1705494158594433,2baafe4c-b533-11ee-8cf5-0a90bc147198
1705494160936911,2c102903-b533-11ee-97ff-76232c4100a6
1705494163101570,2c7998ee-b533-11ee-a0a3-96b01e64cc0b
1705494165658346,2d1d7a2c-b533-11ee-a0a3-96b01e64cc0b
1705494168149723,330fd87b-b533-11ee-8cf5-0a90bc147198
1705494170000534,335a0163-b533-11ee-b30c-7692ac755280
1705494172055882,38c30b56-b533-11ee-b30c-7692ac755280
1705494175262931,38d1156d-b533-11ee-85ac-5e563fbf62c3
1705494177852929,38def792-b533-11ee-a703-d65dab9bd334
1705494180315914,39237a84-b533-11ee-a305-1e46d3f959d8
1705494182429937,3d229525-b533-11ee-a703-d65dab9bd334
1705494184125475,3d79b580-b533-11ee-996a-a2711ab7acbc
1705494187051546,3d8834d6-b533-11ee-a305-1e46d3f959d8
1705494189406938,3dd19918-b533-11ee-b30c-7692ac755280
1705494192202100,3f488299-b533-11ee-8cf5-0a90bc147198
1705494194074929,3f5c09d1-b533-11ee-b30c-7692ac755280
1705494196475561,3f345e60-b533-11ee-a0a3-96b01e64cc0b
1705494199261950,454197a9-b533-11ee-a305-1e46d3f959d8
1705494201471886,4a25459b-b533-11ee-a305-1e46d3f959d8
1705494204278114,4a1c6b2e-b533-11ee-8cf5-0a90bc147198
1705494206166143,4ae11b76-b533-11ee-996a-a2711ab7acbc
1705494208027335,4ad44963-b533-11ee-b30c-7692ac755280
1705494211109724,4b3d44ca-b533-11ee-97ff-76232c4100a6
1705494213098867,4b51b719-b533-11ee-a703-d65dab9bd334
1705494216193012,4fe2d867-b533-11ee-a703-d65dab9bd334
1705494218153741,50aa1ff1-b533-11ee-a305-1e46d3f959d8
1705494220111844,50b67c3a-b533-11ee-85ac-5e563fbf62c3
1705494223065815,513e48ed-b533-11ee-a305-1e46d3f959d8
1705494226041078,51480d78-b533-11ee-97ff-76232c4100a6
1705494228571361,57a8bdcf-b533-11ee-996a-a2711ab7acbc
1705494230315419,5780c415-b533-11ee-b30c-7692ac755280
1705494232096082,57b7d8ea-b533-11ee-a305-1e46d3f959d8
1705494235394237,579a8dab-b533-11ee-b30c-7692ac755280
1705494237120804,5db6e1cf-b533-11ee-a0a3-96b01e64cc0b
1705494240223298,5d91cda6-b533-11ee-a703-d65dab9bd334
1705494242179670,5dad932b-b533-11ee-a305-1e46d3f959d8
1705494244120318,5da0e8df-b533-11ee-a305-1e46d3f959d8
1705494247198733,60876761-b533-11ee-8cf5-0a90bc147198
1705494249178964,626e9d8c-b533-11ee-97ff-76232c4100a6
1705494252170262,627d4344-b533-11ee-8cf5-0a90bc147198
1705494254128201,6285a830-b533-11ee-85ac-5e563fbf62c3
1705494256182198,6bdd7894-b533-11ee-a0a3-96b01e64cc0b
1705494259525500,6bec947a-b533-11ee-a703-d65dab9bd334
1705494261780226,6d7333b4-b533-11ee-a703-d65dab9bd334
1705494265202706,6d5943aa-b533-11ee-85ac-5e563fbf62c3
1705494266296590,6ec8d955-b533-11ee-996a-a2711ab7acbc
1705494268279446,6ee86e73-b533-11ee-85ac-5e563fbf62c3
1705494271267107,6ed2eb05-b533-11ee-a703-d65dab9bd334
1705494273112210,6ee0587e-b533-11ee-a305-1e46d3f959d8
1705494276221901,734d7736-b533-11ee-a305-1e46d3f959d8
1705494278205589,7405ca4a-b533-11ee-996a-a2711ab7acbc
1705494280077158,735c43cc-b533-11ee-8cf5-0a90bc147198
1705494283074012,74bc7047-b533-11ee-996a-a2711ab7acbc
1705494285097771,74c5bece-b533-11ee-97ff-76232c4100a6
1705494288041917,7ae56e99-b533-11ee-a305-1e46d3f959d8
1705494290100388,7e6a0253-b533-11ee-a703-d65dab9bd334
1705494292253029,7f4f3145-b533-11ee-996a-a2711ab7acbc
1705494295198775,7f5880fc-b533-11ee-a0a3-96b01e64cc0b
1705494297061989,7f674dd7-b533-11ee-a703-d65dab9bd334
1705494300453595,80ecdc89-b533-11ee-8cf5-0a90bc147198
1705494302083713,80fd7ddd-b533-11ee-a305-1e46d3f959d8
1705494304200356,80f20c27-b533-11ee-a305-1e46d3f959d8
1705494307578261,85d4818b-b533-11ee-a703-d65dab9bd334
1705494309045087,87b0e2e9-b533-11ee-85ac-5e563fbf62c3
1705494312295810,87ca5e54-b533-11ee-b30c-7692ac755280
1705494314160590,8a4807cb-b533-11ee-97ff-76232c4100a6
1705494316262220,8c3950af-b533-11ee-b30c-7692ac755280
1705494319341104,8c2b474d-b533-11ee-a305-1e46d3f959d8
1705494324155564,9264e7e1-b533-11ee-a305-1e46d3f959d8
1705494321284391,8c1d8bf0-b533-11ee-a0a3-96b01e64cc0b
1705494326629947,926f9602-b533-11ee-85ac-5e563fbf62c3
1705494328172292,96dfc13a-b533-11ee-97ff-76232c4100a6
1705494331179086,98cdfd91-b533-11ee-97ff-76232c4100a6
1705494333479690,98d9e3ef-b533-11ee-85ac-5e563fbf62c3
1705494336110656,98bfa5ab-b533-11ee-97ff-76232c4100a6
1705494338123368,9da4d9fd-b533-11ee-85ac-5e563fbf62c3
1705494340261057,9d982eea-b533-11ee-a703-d65dab9bd334
1705494343353125,9e921f62-b533-11ee-a305-1e46d3f959d8
1705494345347190,9e9e0648-b533-11ee-97ff-76232c4100a6
1705494348350993,9eb16762-b533-11ee-b30c-7692ac755280
1705494350481686,a422fd9d-b533-11ee-a0a3-96b01e64cc0b
1705494352296017,a435c1e5-b533-11ee-85ac-5e563fbf62c3
1705494355266173,a4a2b50a-b533-11ee-a0a3-96b01e64cc0b
1705494357592923,a911f60e-b533-11ee-a305-1e46d3f959d8
1705494362194475,aa6d18ca-b533-11ee-a0a3-96b01e64cc0b
1705494361444384,a9c7b0d5-b533-11ee-97ff-76232c4100a6
1705494364553314,ab0699b8-b533-11ee-a0a3-96b01e64cc0b
1705494367452456,ab167832-b533-11ee-8cf5-0a90bc147198
1705494369337325,aec8ab01-b533-11ee-97ff-76232c4100a6
1705494372385097,af497365-b533-11ee-b30c-7692ac755280
1705494374355833,afe2a651-b533-11ee-85ac-5e563fbf62c3
1705494376553252,b096183c-b533-11ee-97ff-76232c4100a6
1705494379351803,b0a42190-b533-11ee-b30c-7692ac755280
1705494381120121,b103590a-b533-11ee-97ff-76232c4100a6
1705494385845087,b54a02aa-b533-11ee-97ff-76232c4100a6
1705494386194865,b5408d81-b533-11ee-b30c-7692ac755280
1705494388354038,b5f648fc-b533-11ee-85ac-5e563fbf62c3
1705494391070357,b69e2158-b533-11ee-8cf5-0a90bc147198
1705494393632147,b6b0704d-b533-11ee-a305-1e46d3f959d8
1705494396194517,b6add837-b533-11ee-a305-1e46d3f959d8
1705494398145509,bd064c1d-b533-11ee-97ff-76232c4100a6
1705494400543287,bf8f8f4e-b533-11ee-97ff-76232c4100a6
1705494403398317,c019a6e9-b533-11ee-996a-a2711ab7acbc
1705494405404675,c0e840b2-b533-11ee-97ff-76232c4100a6
1705494408103456,c16a1b02-b533-11ee-8cf5-0a90bc147198
1705494410153374,c1753e83-b533-11ee-996a-a2711ab7acbc
1705494412246226,c1f1c190-b533-11ee-a305-1e46d3f959d8
1705494415167304,c29ca7c4-b533-11ee-8cf5-0a90bc147198
1705494417200566,c85cd296-b533-11ee-a305-1e46d3f959d8
1705494420075054,c851fdd1-b533-11ee-8cf5-0a90bc147198
1705494422217480,cd427ce0-b533-11ee-a703-d65dab9bd334
1705494424255264,cdedb01a-b533-11ee-85ac-5e563fbf62c3
1705494427366712,cde2b43a-b533-11ee-a305-1e46d3f959d8
1705494429362131,ce5d88f8-b533-11ee-85ac-5e563fbf62c3
1705494432337328,ce9a4450-b533-11ee-8cf5-0a90bc147198
1705494434163573,d285130e-b533-11ee-97ff-76232c4100a6
1705494436316914,d287d1f8-b533-11ee-8cf5-0a90bc147198
1705494439172959,d32f5ce5-b533-11ee-85ac-5e563fbf62c3
1705494441129476,d340e91b-b533-11ee-85ac-5e563fbf62c3
1705494444428354,d3bfdcc6-b533-11ee-996a-a2711ab7acbc
1705494446077928,d4283bd6-b533-11ee-97ff-76232c4100a6
1705494448203001,da716c94-b533-11ee-a0a3-96b01e64cc0b
1705494451292214,df0acb4f-b533-11ee-85ac-5e563fbf62c3
1705494453169113,df17c352-b533-11ee-996a-a2711ab7acbc
1705494456238394,e1098189-b533-11ee-a0a3-96b01e64cc0b
1705494458330835,e541d36b-b533-11ee-85ac-5e563fbf62c3
1705494460445407,e5542319-b533-11ee-b30c-7692ac755280
1705494463183419,e5627b2c-b533-11ee-a0a3-96b01e64cc0b
1705494465225622,ea540b87-b533-11ee-8cf5-0a90bc147198
1705494468228623,ea3fe6ed-b533-11ee-97ff-76232c4100a6
1705494470187585,ebf119f3-b533-11ee-8cf5-0a90bc147198
1705494472491704,ebfab695-b533-11ee-a703-d65dab9bd334
1705494475198660,ebdfb41c-b533-11ee-b30c-7692ac755280
1705494477628359,ebcf87d7-b533-11ee-a703-d65dab9bd334
1705494480229997,ec901873-b533-11ee-85ac-5e563fbf62c3
1705494482127884,f17610ee-b533-11ee-a0a3-96b01e64cc0b
1705494484172235,f1afe50f-b533-11ee-996a-a2711ab7acbc
1705494487169667,f1a0a34d-b533-11ee-a703-d65dab9bd334
1705494489211822,f67842dd-b533-11ee-a305-1e46d3f959d8
1705494492013801,f686e827-b533-11ee-a0a3-96b01e64cc0b
1705494494134084,f730bce5-b533-11ee-996a-a2711ab7acbc
1705494496138703,f78ac430-b533-11ee-996a-a2711ab7acbc
1705494499014034,f77d7e0c-b533-11ee-a305-1e46d3f959d8
1705494501131206,f7999146-b533-11ee-996a-a2711ab7acbc
1705494504256414,fc899b43-b533-11ee-996a-a2711ab7acbc
1705494506516286,fd2e8de9-b533-11ee-97ff-76232c4100a6
1705494508171635,fd5c2caa-b533-11ee-97ff-76232c4100a6
1705494511483753,fd66db2d-b533-11ee-996a-a2711ab7acbc
1705494513265752,fdda5e26-b533-11ee-8cf5-0a90bc147198
1705494516218998,0424796f-b534-11ee-a0a3-96b01e64cc0b
1705494518252466,043ff0dd-b534-11ee-a305-1e46d3f959d8
1705494520110454,044fcf73-b534-11ee-97ff-76232c4100a6
1705494523081868,09d51415-b534-11ee-a305-1e46d3f959d8
1705494525054079,09e2cfcf-b534-11ee-85ac-5e563fbf62c3
1705494528094379,0a0858a7-b534-11ee-996a-a2711ab7acbc
1705494530436931,0ed83025-b534-11ee-b30c-7692ac755280
1705494532152981,0fd1fa4a-b534-11ee-a0a3-96b01e64cc0b
1705494535252606,101a9b42-b534-11ee-97ff-76232c4100a6
1705494537284599,142e765a-b534-11ee-b30c-7692ac755280
1705494540028090,1466eb3e-b534-11ee-a0a3-96b01e64cc0b
1705494542120226,147765b7-b534-11ee-996a-a2711ab7acbc
1705494544021885,1557b38c-b534-11ee-85ac-5e563fbf62c3
1705494547610130,1616e4b5-b534-11ee-b30c-7692ac755280
1705494549384973,160ab0af-b534-11ee-b30c-7692ac755280
1705494552279672,1a7843f9-b534-11ee-a305-1e46d3f959d8
1705494554072851,1a6a3952-b534-11ee-85ac-5e563fbf62c3
1705494556156066,1c5281dd-b534-11ee-996a-a2711ab7acbc
1705494559156576,1c56a02c-b534-11ee-a0a3-96b01e64cc0b
1705494561165144,1f4de742-b534-11ee-97ff-76232c4100a6
1705494564047828,2095f7ce-b534-11ee-97ff-76232c4100a6
1705494566511029,20a64b93-b534-11ee-b30c-7692ac755280
1705494568370820,208c0cbd-b534-11ee-8cf5-0a90bc147198
1705494571179416,22ae0279-b534-11ee-97ff-76232c4100a6
1705494573054344,22928b21-b534-11ee-a0a3-96b01e64cc0b
1705494576022801,228321f9-b534-11ee-a305-1e46d3f959d8
1705494579326100,2d272169-b534-11ee-85ac-5e563fbf62c3
1705494580142488,2d3f64fd-b534-11ee-a703-d65dab9bd334
1705494583118790,30650edc-b534-11ee-97ff-76232c4100a6
1705494585173843,318b8cdc-b534-11ee-a0a3-96b01e64cc0b
1705494588240771,32ca7588-b534-11ee-996a-a2711ab7acbc
1705494590379054,332b0c10-b534-11ee-97ff-76232c4100a6
1705494592228937,3340de1f-b534-11ee-a305-1e46d3f959d8
1705494595027443,3336cc03-b534-11ee-8cf5-0a90bc147198
1705494597353227,37b1312c-b534-11ee-a0a3-96b01e64cc0b
1705494600058839,3823a118-b534-11ee-996a-a2711ab7acbc
1705494602274103,38f3e98b-b534-11ee-b30c-7692ac755280
1705494604138876,38fc7538-b534-11ee-85ac-5e563fbf62c3
1705494607023380,393bc7d9-b534-11ee-996a-a2711ab7acbc
1705494609135158,3990ed26-b534-11ee-85ac-5e563fbf62c3
1705494612465659,3f2bb582-b534-11ee-b30c-7692ac755280
1705494614078047,3facccbb-b534-11ee-a703-d65dab9bd334
1705494616312691,42b0e513-b534-11ee-b30c-7692ac755280
1705494619189864,435c8e87-b534-11ee-b30c-7692ac755280
1705494626354592,4426e352-b534-11ee-a305-1e46d3f959d8
1705494624414281,44057840-b534-11ee-8cf5-0a90bc147198
1705494621224873,4416dd52-b534-11ee-996a-a2711ab7acbc
1705494628587777,449c3a94-b534-11ee-85ac-5e563fbf62c3
1705494631341998,451a1cba-b534-11ee-8cf5-0a90bc147198
1705494633117172,4525dceb-b534-11ee-a305-1e46d3f959d8
1705494636395189,45ceedb9-b534-11ee-a703-d65dab9bd334
1705494638341967,496497ab-b534-11ee-a305-1e46d3f959d8
1705494640237815,496b4e95-b534-11ee-a0a3-96b01e64cc0b
1705494643317119,4abe8298-b534-11ee-a305-1e46d3f959d8
1705494645258964,4aca6951-b534-11ee-85ac-5e563fbf62c3
1705494648024173,4f57e070-b534-11ee-a703-d65dab9bd334
1705494650202550,4f66111f-b534-11ee-97ff-76232c4100a6
1705494652174294,514fe003-b534-11ee-97ff-76232c4100a6
1705494655038124,51450a77-b534-11ee-b30c-7692ac755280
1705494657476538,56d6364f-b534-11ee-97ff-76232c4100a6
1705494660199705,59d43441-b534-11ee-996a-a2711ab7acbc
1705494663205533,59e54b08-b534-11ee-b30c-7692ac755280
1705494664159069,5b391b63-b534-11ee-a703-d65dab9bd334
1705494667414206,5bc3f6b2-b534-11ee-97ff-76232c4100a6
1705494669189038,5bb6620f-b534-11ee-a0a3-96b01e64cc0b
1705494673307139,5c6f9f7d-b534-11ee-a305-1e46d3f959d8
1705494674329330,5ce93c50-b534-11ee-85ac-5e563fbf62c3
1705494676390082,5d009497-b534-11ee-97ff-76232c4100a6
1705494679150574,61b65540-b534-11ee-85ac-5e563fbf62c3
1705494681133014,61c34d96-b534-11ee-85ac-5e563fbf62c3
1705494684021380,61ce2217-b534-11ee-a703-d65dab9bd334
1705494688331603,6907ce69-b534-11ee-85ac-5e563fbf62c3
1705494686320061,63461cc8-b534-11ee-b30c-7692ac755280
1705494691317961,6913b4d3-b534-11ee-a0a3-96b01e64cc0b
1705494693180631,699a7113-b534-11ee-8cf5-0a90bc147198
1705494696116970,6c517a94-b534-11ee-97ff-76232c4100a6
1705494700058143,6cf66df0-b534-11ee-a703-d65dab9bd334
1705494699443579,6c63f12a-b534-11ee-97ff-76232c4100a6
1705494703172719,6d7c8d19-b534-11ee-a305-1e46d3f959d8
1705494705169549,6e26fdcb-b534-11ee-a703-d65dab9bd334
1705494708518775,73d74b2c-b534-11ee-a305-1e46d3f959d8
1705494710059735,73e5c982-b534-11ee-8cf5-0a90bc147198
1705494712135905,745db8b4-b534-11ee-8cf5-0a90bc147198
1705494715156288,74ca36ae-b534-11ee-a0a3-96b01e64cc0b
1705494717145669,75062ddc-b534-11ee-996a-a2711ab7acbc
1705494720273276,79c6e9f5-b534-11ee-a703-d65dab9bd334
1705494722222743,7aeec89d-b534-11ee-85ac-5e563fbf62c3
1705494724288163,7b917147-b534-11ee-a0a3-96b01e64cc0b
1705494727306871,806a97ce-b534-11ee-8cf5-0a90bc147198
1705494729256991,8519c714-b534-11ee-97ff-76232c4100a6
1705494732176459,8535b3a8-b534-11ee-a0a3-96b01e64cc0b
1705494734136469,86dcad9a-b534-11ee-a0a3-96b01e64cc0b
1705494736166332,86e7d0bb-b534-11ee-97ff-76232c4100a6
1705494739198704,86f2a676-b534-11ee-a305-1e46d3f959d8
1705494741127600,86fd7bec-b534-11ee-a305-1e46d3f959d8
1705494744034134,8afe918c-b534-11ee-a0a3-96b01e64cc0b
1705494746188417,8ce1823f-b534-11ee-996a-a2711ab7acbc
1705494748261238,8ceec8b4-b534-11ee-85ac-5e563fbf62c3
1705494751490898,8cf9ece0-b534-11ee-a703-d65dab9bd334
1705494753452318,8d178632-b534-11ee-8cf5-0a90bc147198
1705494756376241,96cc1d45-b534-11ee-85ac-5e563fbf62c3
1705494758130406,97643ea1-b534-11ee-b30c-7692ac755280
1705494760307083,981a217f-b534-11ee-97ff-76232c4100a6
1705494763444719,98262f1b-b534-11ee-85ac-5e563fbf62c3
1705494765062725,98cea423-b534-11ee-996a-a2711ab7acbc
1705494768057425,9df3c70d-b534-11ee-a703-d65dab9bd334
1705494770203363,a2c748ae-b534-11ee-a703-d65dab9bd334
1705494772163359,a45eb172-b534-11ee-a305-1e46d3f959d8
1705494775173264,a483c5ea-b534-11ee-97ff-76232c4100a6
1705494777100653,a46c9443-b534-11ee-85ac-5e563fbf62c3
1705494780173515,a4793e79-b534-11ee-85ac-5e563fbf62c3
1705494782228127,a93f51c2-b534-11ee-b30c-7692ac755280
1705494784530504,a9e41d21-b534-11ee-a305-1e46d3f959d8
1705494787415828,aa21c267-b534-11ee-85ac-5e563fbf62c3
1705494789548204,aa2da966-b534-11ee-97ff-76232c4100a6
1705494792278138,ae9dfc3d-b534-11ee-a305-1e46d3f959d8
1705494794232729,b07fdb04-b534-11ee-996a-a2711ab7acbc
1705494796463926,b072e361-b534-11ee-97ff-76232c4100a6
1705494801285272,b4c685af-b534-11ee-a703-d65dab9bd334
1705494806250859,b6bb7815-b534-11ee-85ac-5e563fbf62c3
1705494804079995,b4b93f89-b534-11ee-b30c-7692ac755280
1705494808201702,b6bc3b0b-b534-11ee-a0a3-96b01e64cc0b
1705494811105064,b6b2ebfd-b534-11ee-996a-a2711ab7acbc
1705494799733846,b304b159-b534-11ee-a703-d65dab9bd334
1705494813190239,baa92c49-b534-11ee-a703-d65dab9bd334
1705494816009147,bbb19bcd-b534-11ee-a703-d65dab9bd334
1705494820189158,bbc83165-b534-11ee-97ff-76232c4100a6
1705494823065058,bd2b43ac-b534-11ee-a703-d65dab9bd334
1705494825284871,bd3ad3e9-b534-11ee-85ac-5e563fbf62c3
1705494830380664,c0a8f8f3-b534-11ee-b30c-7692ac755280
1705494832209176,c0b5549f-b534-11ee-996a-a2711ab7acbc
1705494818282676,bb9512e4-b534-11ee-a305-1e46d3f959d8
1705494835420689,c22d4f18-b534-11ee-8cf5-0a90bc147198
1705494837905406,c23a94e0-b534-11ee-97ff-76232c4100a6
1705494840131503,c220cbf2-b534-11ee-8cf5-0a90bc147198
1705494844319153,c669e6fb-b534-11ee-996a-a2711ab7acbc
1705494847327369,c7e19310-b534-11ee-b30c-7692ac755280
1705494842396633,c65cee86-b534-11ee-85ac-5e563fbf62c3
1705494852290916,c7d5ac0e-b534-11ee-8cf5-0a90bc147198
1705494854149375,c7ef4eb6-b534-11ee-b30c-7692ac755280
1705494859030380,c97be199-b534-11ee-996a-a2711ab7acbc
1705494866555718,da33f8fd-b534-11ee-b30c-7692ac755280
1705494849349817,d72a6301-b534-11ee-b30c-7692ac755280
1705494868228017,da3a3a66-b534-11ee-85ac-5e563fbf62c3
1705494871177524,da4c14e1-b534-11ee-996a-a2711ab7acbc
1705494873216262,da571183-b534-11ee-a0a3-96b01e64cc0b
1705494876256950,dfca0761-b534-11ee-a703-d65dab9bd334
1705494878178970,e3d9750e-b534-11ee-a703-d65dab9bd334
1705494880220091,e4e8e8a9-b534-11ee-a703-d65dab9bd334
1705494880275806,e4efed5b-b534-11ee-85ac-5e563fbf62c3
1705494880528139,e58ddb67-b534-11ee-a0a3-96b01e64cc0b
1705494883246119,e59be576-b534-11ee-a703-d65dab9bd334
1705494885285768,e690cc91-b534-11ee-996a-a2711ab7acbc
1705494888049393,e69bf080-b534-11ee-85ac-5e563fbf62c3
1705494890208607,e9c961cb-b534-11ee-b30c-7692ac755280
1705494892187189,eb34d94a-b534-11ee-85ac-5e563fbf62c3
1705494895440569,ebaf3915-b534-11ee-b30c-7692ac755280
1705494897185436,ebcbc1d3-b534-11ee-b30c-7692ac755280
1705494900246274,efbc83d2-b534-11ee-a305-1e46d3f959d8
1705494902678078,ef95c2b4-b534-11ee-a703-d65dab9bd334
1705494904306736,f0b848ca-b534-11ee-a703-d65dab9bd334
1705494907005558,f0cd57ae-b534-11ee-b30c-7692ac755280
1705494909415235,f1485452-b534-11ee-8cf5-0a90bc147198
1705494912320208,f2d9f106-b534-11ee-b30c-7692ac755280
1705494914317095,f2ad62d4-b534-11ee-97ff-76232c4100a6
1705494916306831,f2c97638-b534-11ee-8cf5-0a90bc147198
1705494919238528,f302878e-b534-11ee-85ac-5e563fbf62c3
1705494921085073,f86eed45-b534-11ee-996a-a2711ab7acbc
1705494924472542,f87fb655-b534-11ee-a305-1e46d3f959d8
1705494926217713,fda43d85-b534-11ee-a703-d65dab9bd334
1705494928694992,00fb3085-b535-11ee-996a-a2711ab7acbc
1705494931446018,0235fa0a-b535-11ee-a703-d65dab9bd334
1705494933390446,025f546e-b535-11ee-97ff-76232c4100a6
1705494938269512,04361022-b535-11ee-a0a3-96b01e64cc0b
1705494936230474,044a5bc0-b535-11ee-85ac-5e563fbf62c3
1705494940546238,045f6a39-b535-11ee-8cf5-0a90bc147198
1705494943553678,0a4ac33b-b535-11ee-a703-d65dab9bd334
1705494945402973,0a5bdb2c-b535-11ee-a305-1e46d3f959d8
1705494948141537,0e92cd7d-b535-11ee-b30c-7692ac755280
1705494950296393,106b0fc0-b535-11ee-a305-1e46d3f959d8
1705494952347863,1076f719-b535-11ee-97ff-76232c4100a6
1705494955719381,155a7d57-b535-11ee-8cf5-0a90bc147198
1705494960082239,157642bd-b535-11ee-8cf5-0a90bc147198
1705494962347150,161b0e0c-b535-11ee-a703-d65dab9bd334
1705494957238109,154dd3a8-b535-11ee-a0a3-96b01e64cc0b
1705494964181771,16a091ad-b535-11ee-97ff-76232c4100a6
1705494967140105,1926c7ee-b535-11ee-8cf5-0a90bc147198
1705494969599662,1af2aeab-b535-11ee-8cf5-0a90bc147198
1705494972547385,1b0b3ef7-b535-11ee-a0a3-96b01e64cc0b
1705494976248766,1c08b258-b535-11ee-a305-1e46d3f959d8
1705494977175349,1c1890de-b535-11ee-a305-1e46d3f959d8
1705494979199503,1c8ef962-b535-11ee-996a-a2711ab7acbc
1705494981051783,218b37ad-b535-11ee-a305-1e46d3f959d8
1705494984089525,21b0734f-b535-11ee-a0a3-96b01e64cc0b
1705494986327451,223c85fd-b535-11ee-8cf5-0a90bc147198
1705494988211646,269a61d5-b535-11ee-85ac-5e563fbf62c3
1705494991498131,27e07672-b535-11ee-a305-1e46d3f959d8
1705494993183129,27f9f258-b535-11ee-8cf5-0a90bc147198
1705494996318953,2c859476-b535-11ee-b30c-7692ac755280
1705494998313150,2c9265c1-b535-11ee-996a-a2711ab7acbc
1705495000829620,2d54cbe0-b535-11ee-a0a3-96b01e64cc0b
1705495003252168,2e088af2-b535-11ee-8cf5-0a90bc147198
1705495005194681,2e13aee7-b535-11ee-97ff-76232c4100a6
1705495008228775,3243eafc-b535-11ee-85ac-5e563fbf62c3
1705495010201216,32599646-b535-11ee-a0a3-96b01e64cc0b
1705495012646368,32c5ec91-b535-11ee-a703-d65dab9bd334
1705495015260159,3462373e-b535-11ee-97ff-76232c4100a6
1705495017318583,3440f3d9-b535-11ee-b30c-7692ac755280
1705495020147037,34573b20-b535-11ee-85ac-5e563fbf62c3
1705495022177263,39d330d2-b535-11ee-a703-d65dab9bd334
1705495027377033,3da6ce07-b535-11ee-a0a3-96b01e64cc0b
1705495024606251,39c65fc7-b535-11ee-a0a3-96b01e64cc0b
1705495029088752,3e5472d2-b535-11ee-85ac-5e563fbf62c3
1705495036281598,3f47faae-b535-11ee-85ac-5e563fbf62c3
1705495032408682,3e620843-b535-11ee-a703-d65dab9bd334
1705495034129542,3edc6790-b535-11ee-85ac-5e563fbf62c3
1705495039116619,3febdbed-b535-11ee-85ac-5e563fbf62c3
1705495041090562,404e4704-b535-11ee-a305-1e46d3f959d8
1705495044162939,44b59921-b535-11ee-a703-d65dab9bd334
1705495046495238,44fc6652-b535-11ee-85ac-5e563fbf62c3
1705495048163826,45720aea-b535-11ee-996a-a2711ab7acbc
1705495051536215,45e19675-b535-11ee-85ac-5e563fbf62c3
1705495054571219,4cc13b02-b535-11ee-85ac-5e563fbf62c3
1705495056636309,502e2718-b535-11ee-a703-d65dab9bd334
1705495060160551,51682d5f-b535-11ee-97ff-76232c4100a6
1705495058066612,50dd2b69-b535-11ee-b30c-7692ac755280
1705495063144776,51c6c8aa-b535-11ee-b30c-7692ac755280
1705495065213645,55ebb9e0-b535-11ee-996a-a2711ab7acbc
1705495068199833,57ae51ee-b535-11ee-996a-a2711ab7acbc
1705495070110497,57f2fc17-b535-11ee-85ac-5e563fbf62c3
1705495072233172,5d4a7997-b535-11ee-a305-1e46d3f959d8
1705495076812898,5d964fb3-b535-11ee-a305-1e46d3f959d8
1705495077662318,61084506-b535-11ee-a305-1e46d3f959d8
1705495081135723,62714afb-b535-11ee-a0a3-96b01e64cc0b
1705495082586940,6281026e-b535-11ee-a703-d65dab9bd334
1705495084641933,6409ec78-b535-11ee-97ff-76232c4100a6
1705495087149496,64192e38-b535-11ee-996a-a2711ab7acbc
1705495089110868,67888be3-b535-11ee-97ff-76232c4100a6
1705495092345287,691b60dd-b535-11ee-996a-a2711ab7acbc
1705495094379805,6927bd2f-b535-11ee-97ff-76232c4100a6
1705495096387244,6e13a834-b535-11ee-97ff-76232c4100a6
1705495101674842,6fcddb68-b535-11ee-97ff-76232c4100a6
1705495099382374,6ea8bc35-b535-11ee-b30c-7692ac755280
1705495104081052,74c251f2-b535-11ee-a0a3-96b01e64cc0b
1705495106400268,74a860da-b535-11ee-b30c-7692ac755280
1705495108143551,74b188a4-b535-11ee-97ff-76232c4100a6
1705495111112460,75d6f597-b535-11ee-996a-a2711ab7acbc
1705495113371692,798a1334-b535-11ee-97ff-76232c4100a6
1705495116206259,7aa2123c-b535-11ee-a305-1e46d3f959d8
1705495118494101,7aae1ff5-b535-11ee-a703-d65dab9bd334
1705495123141614,7bd625cf-b535-11ee-b30c-7692ac755280
1705495120700941,7af6c1ef-b535-11ee-8cf5-0a90bc147198
1705495125253532,8042ce5e-b535-11ee-85ac-5e563fbf62c3
1705495128410832,84f6b99b-b535-11ee-97ff-76232c4100a6
1705495130023490,8674f526-b535-11ee-a305-1e46d3f959d8
1705495135651006,876ac6a3-b535-11ee-a703-d65dab9bd334
1705495132346113,8684faba-b535-11ee-8cf5-0a90bc147198
1705495137474746,8988504c-b535-11ee-a0a3-96b01e64cc0b
1705495142347267,8b6fd446-b535-11ee-a305-1e46d3f959d8
1705495140390152,8b615550-b535-11ee-a305-1e46d3f959d8
1705495144000153,8bddb12b-b535-11ee-a0a3-96b01e64cc0b
1705495147131732,8cda12d0-b535-11ee-a703-d65dab9bd334
1705495149485995,8ce78056-b535-11ee-a703-d65dab9bd334
1705495152225833,8d6403b5-b535-11ee-a703-d65dab9bd334
1705495154474702,91e545c2-b535-11ee-a305-1e46d3f959d8
1705495156122218,92b76348-b535-11ee-8cf5-0a90bc147198
1705495159243573,931e8981-b535-11ee-a305-1e46d3f959d8
1705495161164825,932df200-b535-11ee-996a-a2711ab7acbc
1705495164500835,93d5565c-b535-11ee-97ff-76232c4100a6
1705495166218675,9856bf66-b535-11ee-b30c-7692ac755280
1705495168057709,997e9d28-b535-11ee-85ac-5e563fbf62c3
1705495171212242,999c1079-b535-11ee-a703-d65dab9bd334
1705495173093509,9e114523-b535-11ee-996a-a2711ab7acbc
1705495178139679,9f18550a-b535-11ee-97ff-76232c4100a6
1705495176302659,9e1d52fa-b535-11ee-8cf5-0a90bc147198
1705495180618124,9fafb26c-b535-11ee-8cf5-0a90bc147198
1705495183296142,a37100cd-b535-11ee-8cf5-0a90bc147198
1705495185116827,a438bd65-b535-11ee-b30c-7692ac755280
1705495188277428,a41e303f-b535-11ee-85ac-5e563fbf62c3
1705495190255453,a53d831d-b535-11ee-a305-1e46d3f959d8
1705495192830501,a5cbe0de-b535-11ee-8cf5-0a90bc147198
1705495195126089,a5e29cf8-b535-11ee-b30c-7692ac755280
1705495197147430,aa2f1326-b535-11ee-85ac-5e563fbf62c3
1705495200172912,ab9189c4-b535-11ee-a703-d65dab9bd334
1705495202018873,ab83a6e5-b535-11ee-a305-1e46d3f959d8
1705495204665648,aeb64974-b535-11ee-97ff-76232c4100a6
1705495207160878,b00efba6-b535-11ee-b30c-7692ac755280
1705495209439619,b07b7979-b535-11ee-8cf5-0a90bc147198
1705495212404907,b46b0256-b535-11ee-996a-a2711ab7acbc
1705495214042317,b4bb4573-b535-11ee-97ff-76232c4100a6
1705495216270726,b65594ee-b535-11ee-a305-1e46d3f959d8
1705495219216528,b64abee5-b535-11ee-b30c-7692ac755280
1705495221388075,b65f3187-b535-11ee-a703-d65dab9bd334
1705495224343267,bb466140-b535-11ee-85ac-5e563fbf62c3
1705495226772273,bc28d21f-b535-11ee-a703-d65dab9bd334
1705495228528863,bc34444c-b535-11ee-97ff-76232c4100a6
1705495231099241,bc92429e-b535-11ee-8cf5-0a90bc147198
1705495233140340,bfad3e87-b535-11ee-85ac-5e563fbf62c3
1705495237626799,c16ffd4a-b535-11ee-a305-1e46d3f959d8
1705495238275257,c171aa95-b535-11ee-a0a3-96b01e64cc0b
1705495240159036,c28e3dcb-b535-11ee-8cf5-0a90bc147198
1705495245109747,c7a5cd88-b535-11ee-97ff-76232c4100a6
1705495243668439,c6a377f7-b535-11ee-996a-a2711ab7acbc
1705495249184563,c86dd836-b535-11ee-996a-a2711ab7acbc
1705495250499074,c914035b-b535-11ee-996a-a2711ab7acbc
1705495252225519,c928278c-b535-11ee-a305-1e46d3f959d8
1705495257310043,cda4123f-b535-11ee-85ac-5e563fbf62c3
1705495255035667,cdae4c0b-b535-11ee-a703-d65dab9bd334
1705495260221195,ce1ff8d0-b535-11ee-a0a3-96b01e64cc0b
1705495262352600,ce3ca8d1-b535-11ee-85ac-5e563fbf62c3
1705495264237262,d30999ef-b535-11ee-b30c-7692ac755280
1705495267480778,d4b1a50a-b535-11ee-a703-d65dab9bd334
1705495269064638,d541617d-b535-11ee-a0a3-96b01e64cc0b
1705495272045178,d5507d78-b535-11ee-85ac-5e563fbf62c3
1705495274769544,d87192f3-b535-11ee-8cf5-0a90bc147198
1705495276885439,d87c419f-b535-11ee-a305-1e46d3f959d8
1705495279152746,d917e5ce-b535-11ee-85ac-5e563fbf62c3
1705495281151504,d901770c-b535-11ee-b30c-7692ac755280
1705495284675996,d9c78637-b535-11ee-97ff-76232c4100a6
1705495286433964,db21985f-b535-11ee-8cf5-0a90bc147198
1705495288496415,dafcab49-b535-11ee-a703-d65dab9bd334
1705495291271847,daf1aec3-b535-11ee-a703-d65dab9bd334
1705495294344039,db3371e7-b535-11ee-996a-a2711ab7acbc
1705495296369711,e0e4f764-b535-11ee-b30c-7692ac755280
1705495298151794,e0da21ee-b535-11ee-b30c-7692ac755280
1705495300196423,e56f8850-b535-11ee-a0a3-96b01e64cc0b
1705495303074148,e60c6513-b535-11ee-85ac-5e563fbf62c3
1705495305211466,e6b28f83-b535-11ee-85ac-5e563fbf62c3
1705495308177557,e73c5904-b535-11ee-8cf5-0a90bc147198
1705495310265036,eb1e0037-b535-11ee-a305-1e46d3f959d8
1705495312162520,eb2fdae0-b535-11ee-8cf5-0a90bc147198
1705495315362119,ebcf9d28-b535-11ee-97ff-76232c4100a6
1705495317298527,ebf7229a-b535-11ee-8cf5-0a90bc147198
1705495320224239,ed374370-b535-11ee-996a-a2711ab7acbc
1705495322761279,f1a88059-b535-11ee-8cf5-0a90bc147198
1705495327514566,f1fd3039-b535-11ee-8cf5-0a90bc147198
1705495329247843,f2a5a54a-b535-11ee-85ac-5e563fbf62c3
1705495324367133,f1b79bc3-b535-11ee-a703-d65dab9bd334
1705495333379228,f7dace64-b535-11ee-996a-a2711ab7acbc
1705495334646641,f8fc9156-b535-11ee-97ff-76232c4100a6
1705495336135858,fc9c4de2-b535-11ee-a0a3-96b01e64cc0b
1705495339317602,fd372e61-b535-11ee-996a-a2711ab7acbc
1705495341450870,fdd6067c-b535-11ee-85ac-5e563fbf62c3
1705495344151129,fe4961ce-b535-11ee-8cf5-0a90bc147198
1705495346339243,fed48ab3-b535-11ee-b30c-7692ac755280
1705495348110238,03524a2e-b536-11ee-85ac-5e563fbf62c3
1705495353121849,034355d1-b536-11ee-b30c-7692ac755280
1705495356339257,03f4f2d4-b536-11ee-a703-d65dab9bd334
1705495358274395,0406a5f4-b536-11ee-996a-a2711ab7acbc
1705495363127737,047805f7-b536-11ee-a0a3-96b01e64cc0b
1705495365696101,08d32294-b536-11ee-a305-1e46d3f959d8
1705495368618888,0a301a37-b536-11ee-a0a3-96b01e64cc0b
1705495372002434,0aac9d1a-b536-11ee-97ff-76232c4100a6
1705495375415278,0cd7e1d1-b536-11ee-a0a3-96b01e64cc0b
1705495377321011,0e499a73-b536-11ee-a0a3-96b01e64cc0b
1705495380561629,0ea4648b-b536-11ee-97ff-76232c4100a6
1705495382119426,0fa88db0-b536-11ee-8cf5-0a90bc147198
1705495384296404,1020a4a0-b536-11ee-85ac-5e563fbf62c3
1705495387111048,102d26c6-b536-11ee-85ac-5e563fbf62c3
1705495389354059,14155deb-b536-11ee-a0a3-96b01e64cc0b
1705495392200141,145dd88e-b536-11ee-85ac-5e563fbf62c3
1705495396147876,1656e943-b536-11ee-97ff-76232c4100a6
1705495400834782,164dc187-b536-11ee-b30c-7692ac755280
1705495404268854,1660ada4-b536-11ee-85ac-5e563fbf62c3
1705495408108189,1981276c-b536-11ee-97ff-76232c4100a6
1705495412013680,1b510599-b536-11ee-996a-a2711ab7acbc
1705495416161964,1b38260b-b536-11ee-a703-d65dab9bd334
1705495418150478,1b40b222-b536-11ee-a0a3-96b01e64cc0b
1705495420205443,1c707f6a-b536-11ee-996a-a2711ab7acbc
1705495428246647,2148baff-b536-11ee-b30c-7692ac755280
1705495430564128,22d15750-b536-11ee-a0a3-96b01e64cc0b
1705495435566284,22be43b4-b536-11ee-85ac-5e563fbf62c3
1705495438140962,2620cfd4-b536-11ee-8cf5-0a90bc147198
1705495440667994,26cb8f57-b536-11ee-97ff-76232c4100a6
1705495442852321,26ed4810-b536-11ee-85ac-5e563fbf62c3
1705495444530123,27666f0e-b536-11ee-b30c-7692ac755280
1705495447877521,2bd6e90e-b536-11ee-a305-1e46d3f959d8
1705495449312196,2beedd5d-b536-11ee-97ff-76232c4100a6
1705495453065615,2be47da4-b536-11ee-a305-1e46d3f959d8
1705495456278256,2d0ca9f5-b536-11ee-85ac-5e563fbf62c3
1705495459310213,3322bd50-b536-11ee-97ff-76232c4100a6
1705495461685297,330aa16a-b536-11ee-97ff-76232c4100a6
1705495464245362,34568199-b536-11ee-a703-d65dab9bd334
1705495468396260,38a20e34-b536-11ee-b30c-7692ac755280
1705495471677540,38ee0b74-b536-11ee-a305-1e46d3f959d8
1705495473085486,38f97d2a-b536-11ee-a305-1e46d3f959d8
1705495476582521,3a4adc83-b536-11ee-a305-1e46d3f959d8
1705495478228818,3ea92de6-b536-11ee-a0a3-96b01e64cc0b
1705495480008513,3eda4f39-b536-11ee-a305-1e46d3f959d8
1705495483128235,3ece6899-b536-11ee-a703-d65dab9bd334
1705495488276542,4513a27a-b536-11ee-996a-a2711ab7acbc
1705495492038854,45b587a4-b536-11ee-a703-d65dab9bd334
1705495495317065,45f96de4-b536-11ee-b30c-7692ac755280
1705495497201796,4bd7cf73-b536-11ee-97ff-76232c4100a6
1705495500568116,4befc499-b536-11ee-b30c-7692ac755280
1705495504087014,4c11cbaf-b536-11ee-8cf5-0a90bc147198
1705495502578808,4c048539-b536-11ee-8cf5-0a90bc147198
1705495507555017,50f7eaa9-b536-11ee-996a-a2711ab7acbc
1705495509231153,50ec2ad3-b536-11ee-996a-a2711ab7acbc
1705495514840584,50f48f3d-b536-11ee-85ac-5e563fbf62c3
1705495516165477,51d21df5-b536-11ee-a305-1e46d3f959d8
1705495519406688,5b33167a-b536-11ee-a703-d65dab9bd334
1705495521193217,5c0c8643-b536-11ee-b30c-7692ac755280
1705495524276597,5cad80be-b536-11ee-8cf5-0a90bc147198
1705495526233497,5cb6cf65-b536-11ee-97ff-76232c4100a6
1705495531005203,5d52c15f-b536-11ee-996a-a2711ab7acbc
1705495533256986,5dd07cec-b536-11ee-97ff-76232c4100a6
1705495536671678,5df98968-b536-11ee-b30c-7692ac755280
1705495538125467,62634b43-b536-11ee-996a-a2711ab7acbc
1705495543068884,626a023c-b536-11ee-85ac-5e563fbf62c3
1705495545166694,6252f7e3-b536-11ee-b30c-7692ac755280
1705495548376431,6a1beb50-b536-11ee-b30c-7692ac755280
1705495550199705,6e8e8831-b536-11ee-97ff-76232c4100a6
1705495552130039,6ea03b63-b536-11ee-a0a3-96b01e64cc0b
1705495555146438,700ff7e9-b536-11ee-a703-d65dab9bd334
1705495560302513,7322b5d7-b536-11ee-97ff-76232c4100a6
1705495564526687,743bc6db-b536-11ee-a703-d65dab9bd334
1705495567149495,7464abcb-b536-11ee-a0a3-96b01e64cc0b
1705495569243163,74e39fb3-b536-11ee-85ac-5e563fbf62c3
1705495574483994,757fb8d6-b536-11ee-97ff-76232c4100a6
1705495579389386,ab479334-b536-11ee-85ac-5e563fbf62c3
1705495581173513,e73e5fb4-b536-11ee-a0a3-96b01e64cc0b
1705495584390163,e74e1780-b536-11ee-a703-d65dab9bd334
1705495588247955,ea6011e1-b536-11ee-8cf5-0a90bc147198
1705495591261688,ec280057-b536-11ee-b30c-7692ac755280
1705495596161479,eda3f2a6-b536-11ee-996a-a2711ab7acbc
1705495600049983,f2b147d7-b536-11ee-a305-1e46d3f959d8
1705495603275544,f2bbf69b-b536-11ee-8cf5-0a90bc147198
1705495605190147,f54f4b4a-b536-11ee-85ac-5e563fbf62c3
1705495610425165,f5994cb3-b536-11ee-a703-d65dab9bd334
1705495612047843,f6fad937-b536-11ee-85ac-5e563fbf62c3
1705495620152387,f97e766c-b536-11ee-996a-a2711ab7acbc
1705495622633103,fbcc0f80-b536-11ee-b30c-7692ac755280
1705495627601360,fe7117bc-b536-11ee-996a-a2711ab7acbc
1705495629325893,fe811d8c-b536-11ee-b30c-7692ac755280
1705495632101240,ff87df38-b536-11ee-97ff-76232c4100a6
1705495636429357,01ba2887-b537-11ee-996a-a2711ab7acbc
1705495639600806,028e8f73-b537-11ee-a0a3-96b01e64cc0b
1705495641085418,04431dd7-b537-11ee-97ff-76232c4100a6
1705495646233401,0645a3dd-b537-11ee-996a-a2711ab7acbc
1705495648370177,07c4a371-b537-11ee-a703-d65dab9bd334
1705495653172781,095813e6-b537-11ee-a703-d65dab9bd334
1705495658200207,0aca68d1-b537-11ee-b30c-7692ac755280
1705495660593433,0f21dc3f-b537-11ee-8cf5-0a90bc147198
1705495663234100,110e9159-b537-11ee-8cf5-0a90bc147198
1705495668334970,14038dbf-b537-11ee-85ac-5e563fbf62c3
1705495670218823,13f584cb-b537-11ee-97ff-76232c4100a6
1705495672444500,151e25d5-b537-11ee-b30c-7692ac755280
1705495675169567,15c8216f-b537-11ee-85ac-5e563fbf62c3
1705495677172262,16ef639c-b537-11ee-a0a3-96b01e64cc0b
1705495680004742,16fd6d42-b537-11ee-85ac-5e563fbf62c3
1705495684316316,1ba39c4f-b537-11ee-85ac-5e563fbf62c3
1705495687335297,1da5fc6b-b537-11ee-a0a3-96b01e64cc0b
1705495692173865,1d9840df-b537-11ee-8cf5-0a90bc147198
1705495694375583,2020c0b3-b537-11ee-a0a3-96b01e64cc0b
1705495696200136,20a2c187-b537-11ee-b30c-7692ac755280
1705495701294991,21fb7419-b537-11ee-a305-1e46d3f959d8
1705495704389699,21e5f073-b537-11ee-a0a3-96b01e64cc0b
1705495708186539,26d9ca99-b537-11ee-85ac-5e563fbf62c3
1705495711306256,28044102-b537-11ee-8cf5-0a90bc147198
1705495716492077,2b6063f1-b537-11ee-996a-a2711ab7acbc
1705495718741083,2ccdfd75-b537-11ee-8cf5-0a90bc147198
1705495720424108,2ce27077-b537-11ee-97ff-76232c4100a6
1705495723175046,2ebab25f-b537-11ee-97ff-76232c4100a6
1705495725119422,2eaccf73-b537-11ee-b30c-7692ac755280
1705495730275656,31b813c6-b537-11ee-b30c-7692ac755280
1705495735698142,31aaa6ca-b537-11ee-97ff-76232c4100a6
1705495737146785,38ca612c-b537-11ee-996a-a2711ab7acbc
1705495740475908,39b73297-b537-11ee-a703-d65dab9bd334
1705495747067948,3aa62652-b537-11ee-996a-a2711ab7acbc
1705495754108650,3ccadb1e-b537-11ee-8cf5-0a90bc147198
1705495759033036,402c55da-b537-11ee-a703-d65dab9bd334
1705495761163722,41a07ea2-b537-11ee-996a-a2711ab7acbc
1705495765038607,4333f0bb-b537-11ee-a703-d65dab9bd334
1705495766201469,43413685-b537-11ee-996a-a2711ab7acbc
1705495771244991,449c80f4-b537-11ee-a305-1e46d3f959d8
1705495773319726,45b8c650-b537-11ee-a703-d65dab9bd334
1705495778262145,465f3fbd-b537-11ee-a0a3-96b01e64cc0b
1705495776238360,466d97ef-b537-11ee-a305-1e46d3f959d8
1705495783245275,497be8a0-b537-11ee-996a-a2711ab7acbc
1705495785109883,4ac33611-b537-11ee-996a-a2711ab7acbc
1705495788260493,4af7652d-b537-11ee-85ac-5e563fbf62c3
1705495792947663,50db1e1b-b537-11ee-b30c-7692ac755280
1705495797257134,529e7892-b537-11ee-a0a3-96b01e64cc0b
1705495809102906,558e1e3a-b537-11ee-97ff-76232c4100a6
1705495812285235,57278301-b537-11ee-a703-d65dab9bd334
1705495802648715,559bda2c-b537-11ee-996a-a2711ab7acbc
1705495819184704,58978e8d-b537-11ee-85ac-5e563fbf62c3
1705495824629545,5da92970-b537-11ee-85ac-5e563fbf62c3
1705495826276972,5f537dec-b537-11ee-8cf5-0a90bc147198
1705495821156112,5c474f5f-b537-11ee-85ac-5e563fbf62c3
1705495831196355,61333aa0-b537-11ee-a703-d65dab9bd334
1705495838286118,61419289-b537-11ee-8cf5-0a90bc147198
1705495840007486,6287a7a7-b537-11ee-a305-1e46d3f959d8
1705495843255017,64642eea-b537-11ee-97ff-76232c4100a6
1705495845169299,6769cdc3-b537-11ee-b30c-7692ac755280
1705495850063809,68f2dee1-b537-11ee-8cf5-0a90bc147198
1705495852304953,6c4b594a-b537-11ee-a703-d65dab9bd334
1705495855450738,6c6c9cf2-b537-11ee-8cf5-0a90bc147198
1705495860160173,6db04057-b537-11ee-85ac-5e563fbf62c3
1705495862156534,6ef36ea8-b537-11ee-a305-1e46d3f959d8
1705495864534100,6f0633d1-b537-11ee-97ff-76232c4100a6
1705495867432179,741cff06-b537-11ee-97ff-76232c4100a6
1705495869409340,7402e748-b537-11ee-97ff-76232c4100a6
1705495872626807,759f59a5-b537-11ee-996a-a2711ab7acbc
1705495877242352,790f2ba9-b537-11ee-a305-1e46d3f959d8
1705495879173522,791ff449-b537-11ee-85ac-5e563fbf62c3
1705495884318047,7a464bdd-b537-11ee-a703-d65dab9bd334
1705495886401197,7a818072-b537-11ee-a305-1e46d3f959d8
1705495891354217,7f39d868-b537-11ee-a703-d65dab9bd334
1705495898397862,819e06b8-b537-11ee-b30c-7692ac755280
1705495896186549,7f548c2c-b537-11ee-996a-a2711ab7acbc
1705495903238820,8562d75c-b537-11ee-996a-a2711ab7acbc
1705495905270540,85551bad-b537-11ee-996a-a2711ab7acbc
1705495908064932,857797a4-b537-11ee-a305-1e46d3f959d8
1705495912185772,87279166-b537-11ee-8cf5-0a90bc147198
1705495915547978,8745ee95-b537-11ee-97ff-76232c4100a6
1705495920400205,8c015493-b537-11ee-85ac-5e563fbf62c3
1705495917577056,88b5f9ff-b537-11ee-8cf5-0a90bc147198
1705495924764036,8cbc66a9-b537-11ee-a0a3-96b01e64cc0b
1705495927323442,8d74933c-b537-11ee-996a-a2711ab7acbc
1705495929278545,8e2b1239-b537-11ee-b30c-7692ac755280
1705495942335660,96f548d0-b537-11ee-8cf5-0a90bc147198
1705495946143169,988b2ad7-b537-11ee-97ff-76232c4100a6
1705495951103165,982f7690-b537-11ee-85ac-5e563fbf62c3
1705495953062591,9c396576-b537-11ee-97ff-76232c4100a6
1705495956298085,9d6ae137-b537-11ee-a0a3-96b01e64cc0b
1705495970302418,a2acdbc7-b537-11ee-97ff-76232c4100a6
1705495972529901,a2a3da48-b537-11ee-8cf5-0a90bc147198
1705495994159455,ac6d31c0-b537-11ee-85ac-5e563fbf62c3
1705496001253430,ae5d1b6b-b537-11ee-a0a3-96b01e64cc0b
1705496006252718,b2891126-b537-11ee-97ff-76232c4100a6
1705496008064558,b4630185-b537-11ee-8cf5-0a90bc147198
1705496020305278,b6de622a-b537-11ee-97ff-76232c4100a6
1705496025303161,b7866115-b537-11ee-996a-a2711ab7acbc
1705496032630127,bbe32c5a-b537-11ee-97ff-76232c4100a6
1705496040024511,bc9e3e8d-b537-11ee-996a-a2711ab7acbc
1705496047338328,be92e282-b537-11ee-8cf5-0a90bc147198
1705496056115518,c2f1f713-b537-11ee-a703-d65dab9bd334
1705496059479333,c2e3ecdc-b537-11ee-85ac-5e563fbf62c3
1705496073149060,c97068e7-b537-11ee-85ac-5e563fbf62c3
1705496078230766,ca8b75fd-b537-11ee-85ac-5e563fbf62c3
1705496085398622,cc7a4dc4-b537-11ee-8cf5-0a90bc147198
1705496100206883,cf8b3758-b537-11ee-a305-1e46d3f959d8
1705496121351452,d3db090c-b537-11ee-996a-a2711ab7acbc
1705496133566337,d4dc4cb6-b537-11ee-a305-1e46d3f959d8
1705496141381703,d9c81065-b537-11ee-8cf5-0a90bc147198
1705496162323907,db20e9c5-b537-11ee-97ff-76232c4100a6
1705496165579653,dbba438b-b537-11ee-8cf5-0a90bc147198
1705496166809778,df777333-b537-11ee-a703-d65dab9bd334
1705496179405416,e0dc817f-b537-11ee-8cf5-0a90bc147198
1705496182210829,e0ca7f27-b537-11ee-97ff-76232c4100a6
1705496197407683,eb83b4ab-b537-11ee-a703-d65dab9bd334
1705496204861237,eb9e1abf-b537-11ee-996a-a2711ab7acbc
1705496214146306,f068e8ec-b537-11ee-97ff-76232c4100a6
1705496225573647,f78b15bf-b537-11ee-a305-1e46d3f959d8
1705496232227393,f9d99949-b537-11ee-8cf5-0a90bc147198
1705496252249244,089dcf8a-b538-11ee-a0a3-96b01e64cc0b
1705496256227188,0a5b8531-b538-11ee-a0a3-96b01e64cc0b
1705496265182259,0eee7ac3-b538-11ee-b30c-7692ac755280
1705496280055332,1af761da-b538-11ee-a703-d65dab9bd334
1705496284635576,1aed4fa2-b538-11ee-97ff-76232c4100a6
1705496289214211,218ed9bd-b538-11ee-a703-d65dab9bd334
1705496320395441,3056b984-b538-11ee-85ac-5e563fbf62c3
1705496343383523,3d7703dc-b538-11ee-8cf5-0a90bc147198
1705496363669512,49f9ae9a-b538-11ee-a305-1e46d3f959d8
1705499197311558,a1e63682-b53f-11ee-b30c-7692ac755280
1705499210400024,a1db6064-b53f-11ee-a305-1e46d3f959d8
1705499220854889,a4e12669-b53f-11ee-b30c-7692ac755280
1705499236553806,a4f104ef-b53f-11ee-b30c-7692ac755280
1705499247908908,a66fdcea-b53f-11ee-97ff-76232c4100a6
1705499253777304,a661fa42-b53f-11ee-b30c-7692ac755280
1705499291037026,ae5e0b52-b53f-11ee-996a-a2711ab7acbc
1705499299387621,b1c74e44-b53f-11ee-996a-a2711ab7acbc
1705499307261834,b33843b1-b53f-11ee-8cf5-0a90bc147198
1705499331377861,b7e502f6-b53f-11ee-85ac-5e563fbf62c3
1705499338027568,b9366253-b53f-11ee-996a-a2711ab7acbc
1705499341086452,b9becb47-b53f-11ee-996a-a2711ab7acbc
1705499328126180,b6c847c7-b53f-11ee-8cf5-0a90bc147198
1705499355674557,bf8bef29-b53f-11ee-b30c-7692ac755280
1705499367110442,c41d854b-b53f-11ee-a703-d65dab9bd334
1705499378906184,c57fd4a3-b53f-11ee-85ac-5e563fbf62c3
1705499382033827,c85c66d3-b53f-11ee-a703-d65dab9bd334
1705499392130464,cb6d2984-b53f-11ee-996a-a2711ab7acbc
1705499402758197,d04f9ed6-b53f-11ee-a0a3-96b01e64cc0b
1705499412594764,d05d0cd4-b53f-11ee-996a-a2711ab7acbc
1705499415038892,d1e7f1f1-b53f-11ee-a305-1e46d3f959d8
1705499422155499,d4cc9b93-b53f-11ee-996a-a2711ab7acbc
1705499431928746,d7a66ffc-b53f-11ee-b30c-7692ac755280
1705499436268395,e02ce676-b53f-11ee-85ac-5e563fbf62c3
1705499437850860,e11300f8-b53f-11ee-a703-d65dab9bd334
1705499448025148,e2c237af-b53f-11ee-996a-a2711ab7acbc
1705499453248882,e43771b7-b53f-11ee-a0a3-96b01e64cc0b
1705499464827716,e9a696b1-b53f-11ee-85ac-5e563fbf62c3
1705499467281168,ec11a375-b53f-11ee-a703-d65dab9bd334
1705499473908044,ee81b946-b53f-11ee-97ff-76232c4100a6
1705499476963889,ef1dd29b-b53f-11ee-b30c-7692ac755280
1705499484243639,f05d0867-b53f-11ee-85ac-5e563fbf62c3
1705499491039293,f6ef030a-b53f-11ee-a0a3-96b01e64cc0b
1705499496047937,f70a0527-b53f-11ee-85ac-5e563fbf62c3
1705499503317992,f993e481-b53f-11ee-8cf5-0a90bc147198
1705499508184710,faceada8-b53f-11ee-a703-d65dab9bd334
1705499510018724,fdbcccc8-b53f-11ee-a305-1e46d3f959d8
1705499519985857,00af0abd-b540-11ee-a305-1e46d3f959d8
1705499525496915,02152aaf-b540-11ee-b30c-7692ac755280
1705499538992074,06ecca8b-b540-11ee-a0a3-96b01e64cc0b
1705499544135007,0d157bbe-b540-11ee-a305-1e46d3f959d8
1705499550880702,0d24e461-b540-11ee-a703-d65dab9bd334
1705499568172001,16ec193c-b540-11ee-b30c-7692ac755280
1705499577905839,1c648d0a-b540-11ee-85ac-5e563fbf62c3
1705499592075212,1d5ea410-b540-11ee-a305-1e46d3f959d8
1705499597187111,1ef808b0-b540-11ee-85ac-5e563fbf62c3
1705499601965437,221ca1da-b540-11ee-97ff-76232c4100a6
1705499606174209,24f9d0df-b540-11ee-a703-d65dab9bd334
1705499609038195,24e732ad-b540-11ee-a0a3-96b01e64cc0b
1705499616031894,29bcfdf4-b540-11ee-8cf5-0a90bc147198
1705499625811013,2d5dcb6e-b540-11ee-b30c-7692ac755280
1705499632861712,2fe86e76-b540-11ee-b30c-7692ac755280
1705499640094777,33fdf612-b540-11ee-85ac-5e563fbf62c3
1705499645359969,3510c624-b540-11ee-a0a3-96b01e64cc0b
1705499650117815,37054308-b540-11ee-a0a3-96b01e64cc0b
1705499653922476,38a696b5-b540-11ee-8cf5-0a90bc147198
1705499659212161,3d018cb7-b540-11ee-996a-a2711ab7acbc
1705499656925310,3bbdc1c4-b540-11ee-85ac-5e563fbf62c3
1705499664163961,3d9b0dcf-b540-11ee-8cf5-0a90bc147198
1705499665967014,4058f502-b540-11ee-b30c-7692ac755280
1705499674088638,42b115b1-b540-11ee-97ff-76232c4100a6
1705499676261613,45363a43-b540-11ee-a703-d65dab9bd334
1705499683458012,47d5275b-b540-11ee-a0a3-96b01e64cc0b
1705499690027925,4c260b62-b540-11ee-a0a3-96b01e64cc0b
1705499692826035,4d48927c-b540-11ee-a0a3-96b01e64cc0b
1705499699876454,4df1f122-b540-11ee-85ac-5e563fbf62c3
1705499705163020,529847e2-b540-11ee-a0a3-96b01e64cc0b
1705499706810967,5378bd0a-b540-11ee-a0a3-96b01e64cc0b
1705499710140328,53a4fd80-b540-11ee-8cf5-0a90bc147198
1705499711837633,555d5b4a-b540-11ee-97ff-76232c4100a6
1705499724052345,59f0edb9-b540-11ee-8cf5-0a90bc147198
1705499730800588,5f6d3189-b540-11ee-8cf5-0a90bc147198
1705499733800155,5f5fc403-b540-11ee-8cf5-0a90bc147198
1705499736022922,60a2cbf6-b540-11ee-a0a3-96b01e64cc0b
1705499746269109,6571b8ad-b540-11ee-97ff-76232c4100a6
1705499758171375,6cd3d3d4-b540-11ee-97ff-76232c4100a6
1705499759928740,6ce7d183-b540-11ee-8cf5-0a90bc147198
1705499765159066,709fd061-b540-11ee-a703-d65dab9bd334
1705499769945643,71d25ccf-b540-11ee-85ac-5e563fbf62c3
1705499774086094,733e213e-b540-11ee-b30c-7692ac755280
1705499784072993,782d1a58-b540-11ee-a0a3-96b01e64cc0b
1705499789482700,7c930c7f-b540-11ee-b30c-7692ac755280
1705499791665458,7c8724b9-b540-11ee-a0a3-96b01e64cc0b
1705499794331595,7e921095-b540-11ee-a703-d65dab9bd334
1705499800839912,7fa83bb7-b540-11ee-97ff-76232c4100a6
1705499806012118,83f74a22-b540-11ee-8cf5-0a90bc147198
1705499808069215,846d64e9-b540-11ee-a703-d65dab9bd334
1705499815037742,86fcc1fc-b540-11ee-97ff-76232c4100a6
1705499817979206,87abee0e-b540-11ee-b30c-7692ac755280
1705499821917697,8aa55784-b540-11ee-b30c-7692ac755280
1705499824882955,8d7abed5-b540-11ee-a703-d65dab9bd334
1705499827371535,8e9ecc83-b540-11ee-a703-d65dab9bd334
1705499829942861,8e909bfd-b540-11ee-85ac-5e563fbf62c3
1705499839144979,957067ab-b540-11ee-85ac-5e563fbf62c3
1705499844136242,97176012-b540-11ee-8cf5-0a90bc147198
1705499845999630,9a2da12f-b540-11ee-a305-1e46d3f959d8
1705499841850761,966a7ecb-b540-11ee-b30c-7692ac755280
1705499849082490,9ad0e5e2-b540-11ee-85ac-5e563fbf62c3
1705499831813688,8f47b60f-b540-11ee-85ac-5e563fbf62c3
1705499836924175,90d868b6-b540-11ee-996a-a2711ab7acbc
1705499851193466,9b4d6932-b540-11ee-a0a3-96b01e64cc0b
1705499833917750,902f57bc-b540-11ee-b30c-7692ac755280
1705499853854156,9c418d39-b540-11ee-a703-d65dab9bd334
1705499858088784,9cf54c62-b540-11ee-b30c-7692ac755280
1705499860887504,a030efff-b540-11ee-8cf5-0a90bc147198
1705499862919131,a0416a35-b540-11ee-a0a3-96b01e64cc0b
1705499865865364,a0c42f8f-b540-11ee-85ac-5e563fbf62c3
1705499867893596,a1fb014b-b540-11ee-a703-d65dab9bd334
1705499870058765,a1ec0cef-b540-11ee-97ff-76232c4100a6
1705499873819643,a23ac94b-b540-11ee-97ff-76232c4100a6
1705499875054207,a7e745cf-b540-11ee-a305-1e46d3f959d8
1705499877879627,ab6a7865-b540-11ee-8cf5-0a90bc147198
1705499880081799,ab774997-b540-11ee-85ac-5e563fbf62c3
1705499881887541,ac532b33-b540-11ee-a305-1e46d3f959d8
1705499884816703,ac5b1ab6-b540-11ee-97ff-76232c4100a6
1705499886833342,ae388d10-b540-11ee-a0a3-96b01e64cc0b
1705499890024920,ae46be15-b540-11ee-b30c-7692ac755280
1705499891839334,aed8ebd1-b540-11ee-a305-1e46d3f959d8
1705499893879502,b27b664c-b540-11ee-a305-1e46d3f959d8
1705499897311015,b3298103-b540-11ee-97ff-76232c4100a6
1705499899057533,b3d502f2-b540-11ee-a305-1e46d3f959d8
1705499901955963,b453342f-b540-11ee-996a-a2711ab7acbc
1705499904372976,b4ea4388-b540-11ee-a0a3-96b01e64cc0b
1705499906074034,bdaf980d-b540-11ee-97ff-76232c4100a6
1705499909008898,be016214-b540-11ee-b30c-7692ac755280
1705499910937150,bdec2bdb-b540-11ee-a0a3-96b01e64cc0b
1705499913921789,bfaa2ffc-b540-11ee-97ff-76232c4100a6
1705499915812267,bf9c7456-b540-11ee-97ff-76232c4100a6
1705499917803348,bfb839ce-b540-11ee-a703-d65dab9bd334
1705499920810819,c116df58-b540-11ee-8cf5-0a90bc147198
1705499923097331,c383c0f0-b540-11ee-a0a3-96b01e64cc0b
1705499925996449,c3a8868e-b540-11ee-8cf5-0a90bc147198
1705499928044528,c42ea697-b540-11ee-a305-1e46d3f959d8
1705499930404249,c58c3b03-b540-11ee-a305-1e46d3f959d8
1705499933342842,ca6f72ed-b540-11ee-97ff-76232c4100a6
1705410060414080,d26e504f-baac-11ee-ac33-ae7f6a50925c